,Hs,Tp,Dp
2022-01-01 00:00:00,3.99,10.0,105.0
2022-01-01 03:00:00,3.77,10.0,80.0
2022-01-01 06:00:00,3.71,10.0,87.0
2022-01-01 09:00:00,3.66,10.0,78.0
2022-01-01 12:00:00,3.33,10.81,88.0
2022-01-01 15:00:00,3.24,10.0,84.0
2022-01-01 18:00:00,3.14,10.0,83.0
2022-01-01 21:00:00,3.03,10.0,92.0
2022-01-02 00:00:00,3.29,10.0,95.0
2022-01-02 03:00:00,3.45,10.0,87.0
2022-01-02 06:00:00,3.15,12.9,305.0
2022-01-02 09:00:00,3.17,12.9,292.0
2022-01-02 12:00:00,3.08,10.0,86.0
2022-01-02 15:00:00,2.92,13.79,312.0
2022-01-02 18:00:00,2.64,12.9,308.0
2022-01-02 21:00:00,2.71,12.9,306.0
2022-01-03 00:00:00,2.67,12.12,303.0
2022-01-03 03:00:00,2.57,11.43,303.0
2022-01-03 06:00:00,2.4,12.12,316.0
2022-01-03 09:00:00,2.31,9.09,86.0
2022-01-03 12:00:00,2.07,8.33,105.0
2022-01-03 15:00:00,2.0,8.33,104.0
2022-01-03 18:00:00,1.88,8.33,80.0
2022-01-03 21:00:00,1.78,8.33,95.0
2022-01-04 00:00:00,2.04,8.33,86.0
2022-01-04 03:00:00,2.3,8.33,76.0
2022-01-04 06:00:00,1.93,8.33,71.0
2022-01-04 09:00:00,1.95,8.33,71.0
2022-01-04 12:00:00,1.76,9.09,96.0
2022-01-04 15:00:00,1.61,9.09,93.0
2022-01-04 18:00:00,1.74,9.09,103.0
2022-01-04 21:00:00,1.93,8.33,99.0
2022-01-05 00:00:00,2.33,19.05,346.0
2022-01-05 03:00:00,2.37,17.39,3.0
2022-01-05 06:00:00,2.64,16.0,342.0
2022-01-05 09:00:00,2.81,16.0,350.0
2022-01-05 12:00:00,3.03,16.0,351.0
2022-01-05 15:00:00,3.35,16.0,323.0
2022-01-05 18:00:00,3.88,16.0,322.0
2022-01-05 21:00:00,3.9,16.0,332.0
2022-01-06 00:00:00,4.46,16.0,319.0
2022-01-06 03:00:00,4.14,14.81,333.0
2022-01-06 06:00:00,4.02,14.81,328.0
2022-01-06 09:00:00,3.92,14.81,326.0
2022-01-06 12:00:00,3.97,14.81,320.0
2022-01-06 15:00:00,3.69,13.79,311.0
2022-01-06 18:00:00,3.52,13.79,323.0
2022-01-06 21:00:00,3.51,14.81,322.0
2022-01-07 00:00:00,3.47,13.79,309.0
2022-01-07 03:00:00,3.12,13.79,302.0
2022-01-07 06:00:00,3.22,12.12,312.0
2022-01-07 09:00:00,3.48,13.79,311.0
2022-01-07 12:00:00,2.98,12.9,314.0
2022-01-07 15:00:00,3.09,12.9,307.0
2022-01-07 18:00:00,3.03,13.79,308.0
2022-01-07 21:00:00,2.3,12.9,306.0
2022-01-08 00:00:00,2.52,13.79,298.0
2022-01-08 03:00:00,2.37,12.9,294.0
2022-01-08 06:00:00,2.44,12.12,294.0
2022-01-08 09:00:00,2.84,12.12,308.0
2022-01-08 12:00:00,3.04,11.43,318.0
2022-01-08 15:00:00,4.0,12.12,309.0
2022-01-08 18:00:00,4.2,12.9,303.0
2022-01-08 21:00:00,4.76,13.79,299.0
2022-01-09 00:00:00,4.0,14.81,299.0
2022-01-09 03:00:00,4.43,13.79,302.0
2022-01-09 06:00:00,4.61,14.81,305.0
2022-01-09 09:00:00,4.63,16.0,295.0
2022-01-09 12:00:00,5.02,14.81,297.0
2022-01-09 15:00:00,4.56,14.81,289.0
2022-01-09 18:00:00,4.58,16.0,283.0
2022-01-09 21:00:00,3.67,16.0,291.0
2022-01-10 00:00:00,3.45,16.0,292.0
2022-01-10 03:00:00,3.78,14.81,292.0
2022-01-10 06:00:00,3.9,14.81,292.0
2022-01-10 09:00:00,4.15,13.79,288.0
2022-01-10 12:00:00,4.54,12.9,293.0
2022-01-10 15:00:00,4.35,13.79,282.0
2022-01-10 18:00:00,3.92,12.9,287.0
2022-01-10 21:00:00,3.62,13.79,289.0
2022-01-11 00:00:00,3.47,13.79,298.0
2022-01-11 03:00:00,4.35,12.9,307.0
2022-01-11 06:00:00,4.83,13.79,298.0
2022-01-11 09:00:00,5.41,12.12,305.0
2022-01-11 12:00:00,5.07,12.9,304.0
2022-01-11 15:00:00,5.08,12.12,297.0
2022-01-11 18:00:00,5.07,12.9,303.0
2022-01-11 21:00:00,4.99,13.79,300.0
2022-01-12 00:00:00,5.09,13.79,305.0
2022-01-12 03:00:00,4.73,13.79,306.0
2022-01-12 06:00:00,4.47,12.9,301.0
2022-01-12 09:00:00,4.05,13.79,311.0
2022-01-12 12:00:00,3.72,13.79,315.0
2022-01-12 15:00:00,3.46,13.79,301.0
2022-01-12 18:00:00,3.48,13.79,304.0
2022-01-12 21:00:00,3.65,13.79,305.0
2022-01-13 00:00:00,3.39,14.81,305.0
2022-01-13 03:00:00,2.81,12.12,287.0
2022-01-13 06:00:00,2.65,13.79,292.0
2022-01-13 09:00:00,2.71,13.79,308.0
2022-01-13 12:00:00,2.94,12.9,305.0
2022-01-13 15:00:00,3.44,12.9,298.0
2022-01-13 18:00:00,3.43,12.9,308.0
2022-01-13 21:00:00,3.15,12.9,310.0
2022-01-14 00:00:00,2.9,12.9,304.0
2022-01-14 03:00:00,3.09,12.12,301.0
2022-01-14 06:00:00,2.98,13.79,316.0
2022-01-14 09:00:00,2.66,13.79,315.0
2022-01-14 12:00:00,2.86,12.12,299.0
2022-01-14 15:00:00,2.96,11.43,309.0
2022-01-14 18:00:00,2.69,12.12,303.0
2022-01-14 21:00:00,2.74,12.12,307.0
2022-01-15 00:00:00,2.33,13.79,315.0
2022-01-15 03:00:00,2.12,12.9,298.0
2022-01-15 06:00:00,2.23,12.9,309.0
2022-01-15 09:00:00,2.56,12.12,315.0
2022-01-15 12:00:00,3.09,12.12,329.0
2022-01-15 15:00:00,2.99,12.12,319.0
2022-01-15 18:00:00,3.37,10.81,315.0
2022-01-15 21:00:00,4.3,12.9,312.0
2022-01-16 00:00:00,4.12,13.79,307.0
2022-01-16 03:00:00,3.63,13.79,313.0
2022-01-16 06:00:00,3.28,14.81,313.0
2022-01-16 09:00:00,3.62,13.79,316.0
2022-01-16 12:00:00,3.75,13.79,302.0
2022-01-16 15:00:00,2.96,12.12,315.0
2022-01-16 18:00:00,3.07,12.12,319.0
2022-01-16 21:00:00,2.32,12.9,305.0
2022-01-17 00:00:00,2.41,12.12,319.0
2022-01-17 03:00:00,2.31,12.12,311.0
2022-01-17 06:00:00,2.23,10.81,327.0
2022-01-17 09:00:00,2.01,11.43,330.0
2022-01-17 12:00:00,2.22,10.81,332.0
2022-01-17 15:00:00,2.1,16.0,307.0
2022-01-17 18:00:00,1.99,10.0,11.0
2022-01-17 21:00:00,1.92,14.81,305.0
2022-01-18 00:00:00,1.73,14.81,296.0
2022-01-18 03:00:00,2.01,10.0,354.0
2022-01-18 06:00:00,1.81,13.79,292.0
2022-01-18 09:00:00,2.03,13.79,305.0
2022-01-18 12:00:00,2.21,13.79,305.0
2022-01-18 15:00:00,2.21,12.9,290.0
2022-01-18 18:00:00,2.43,14.81,295.0
2022-01-18 21:00:00,2.43,14.81,300.0
2022-01-19 00:00:00,2.49,14.81,297.0
2022-01-19 03:00:00,2.38,13.79,312.0
2022-01-19 06:00:00,2.78,13.79,307.0
2022-01-19 09:00:00,2.57,12.9,314.0
2022-01-19 12:00:00,3.04,13.79,285.0
2022-01-19 15:00:00,3.27,12.9,290.0
2022-01-19 18:00:00,2.82,12.9,303.0
2022-01-19 21:00:00,2.87,13.79,297.0
2022-01-20 00:00:00,2.94,13.79,309.0
2022-01-20 03:00:00,2.69,12.12,301.0
2022-01-20 06:00:00,2.5,12.9,286.0
2022-01-20 09:00:00,2.51,12.12,276.0
2022-01-20 12:00:00,2.35,13.79,289.0
2022-01-20 15:00:00,2.16,12.9,286.0
2022-01-20 18:00:00,2.37,12.9,295.0
2022-01-20 21:00:00,2.26,12.9,290.0
2022-01-21 00:00:00,2.64,12.12,293.0
2022-01-21 03:00:00,3.07,12.9,291.0
2022-01-21 06:00:00,3.22,12.12,288.0
2022-01-21 09:00:00,3.76,12.9,292.0
2022-01-21 12:00:00,3.54,12.9,290.0
2022-01-21 15:00:00,3.37,12.12,284.0
2022-01-21 18:00:00,4.14,14.81,301.0
2022-01-21 21:00:00,5.22,14.81,316.0
2022-01-22 00:00:00,5.21,16.0,300.0
2022-01-22 03:00:00,5.33,14.81,302.0
2022-01-22 06:00:00,6.12,16.0,304.0
2022-01-22 09:00:00,5.51,17.39,311.0
2022-01-22 12:00:00,5.8,16.0,316.0
2022-01-22 15:00:00,5.11,14.81,314.0
2022-01-22 18:00:00,5.8,16.0,313.0
2022-01-22 21:00:00,4.64,14.81,313.0
2022-01-23 00:00:00,4.02,13.79,310.0
2022-01-23 03:00:00,3.72,14.81,300.0
2022-01-23 06:00:00,3.27,13.79,304.0
2022-01-23 09:00:00,2.97,13.79,300.0
2022-01-23 12:00:00,2.57,13.79,299.0
2022-01-23 15:00:00,2.41,11.43,296.0
2022-01-23 18:00:00,2.38,13.79,306.0
2022-01-23 21:00:00,2.17,12.9,308.0
2022-01-24 00:00:00,2.4,12.9,326.0
2022-01-24 03:00:00,2.87,12.9,315.0
2022-01-24 06:00:00,3.27,16.0,310.0
2022-01-24 09:00:00,2.99,16.0,315.0
2022-01-24 12:00:00,3.34,14.81,318.0
2022-01-24 15:00:00,-9999.0,-9999.0,-9999.0
2022-01-24 18:00:00,2.66,13.79,309.0
2022-01-24 21:00:00,2.75,13.79,303.0
2022-01-25 00:00:00,2.38,13.79,315.0
2022-01-25 03:00:00,2.52,12.9,305.0
2022-01-25 06:00:00,3.07,12.9,304.0
2022-01-25 09:00:00,2.65,12.12,320.0
2022-01-25 12:00:00,2.83,13.79,308.0
2022-01-25 15:00:00,3.11,12.9,305.0
2022-01-25 18:00:00,2.39,12.9,301.0
2022-01-25 21:00:00,2.56,12.12,295.0
2022-01-26 00:00:00,2.15,11.43,293.0
2022-01-26 03:00:00,2.13,11.43,311.0
2022-01-26 06:00:00,2.27,12.12,310.0
2022-01-26 09:00:00,2.19,12.9,304.0
2022-01-26 12:00:00,2.15,12.12,307.0
2022-01-26 15:00:00,2.2,12.9,310.0
2022-01-26 18:00:00,2.07,12.12,320.0
2022-01-26 21:00:00,2.47,12.9,316.0
2022-01-27 00:00:00,2.44,12.12,311.0
2022-01-27 03:00:00,2.26,12.9,304.0
2022-01-27 06:00:00,2.09,12.9,312.0
2022-01-27 09:00:00,1.89,12.9,316.0
2022-01-27 12:00:00,1.74,11.43,319.0
2022-01-27 15:00:00,1.84,12.9,307.0
2022-01-27 18:00:00,1.58,12.12,308.0
2022-01-27 21:00:00,1.53,12.12,310.0
2022-01-28 00:00:00,1.41,10.0,44.0
2022-01-28 03:00:00,1.34,10.0,113.0
2022-01-28 06:00:00,1.22,10.81,293.0
2022-01-28 09:00:00,1.19,9.09,90.0
2022-01-28 12:00:00,1.37,11.43,323.0
2022-01-28 15:00:00,1.31,8.33,87.0
2022-01-28 18:00:00,1.49,7.69,116.0
2022-01-28 21:00:00,1.47,14.81,314.0
2022-01-29 00:00:00,1.68,16.0,313.0
2022-01-29 03:00:00,2.14,16.0,328.0
2022-01-29 06:00:00,2.46,14.81,322.0
2022-01-29 09:00:00,2.68,16.0,320.0
2022-01-29 12:00:00,2.18,13.79,315.0
2022-01-29 15:00:00,2.34,16.0,336.0
2022-01-29 18:00:00,2.48,14.81,319.0
2022-01-29 21:00:00,2.38,13.79,319.0
2022-01-30 00:00:00,2.11,12.9,323.0
2022-01-30 03:00:00,2.23,13.79,335.0
2022-01-30 06:00:00,2.08,12.9,304.0
2022-01-30 09:00:00,1.86,12.12,347.0
2022-01-30 12:00:00,1.79,14.81,336.0
2022-01-30 15:00:00,1.76,14.81,296.0
2022-01-30 18:00:00,1.56,12.9,314.0
2022-01-30 21:00:00,1.94,12.9,307.0
2022-01-31 00:00:00,2.13,14.81,288.0
2022-01-31 03:00:00,2.24,14.81,288.0
2022-01-31 06:00:00,2.03,14.81,308.0
2022-01-31 09:00:00,1.92,13.79,286.0
2022-01-31 12:00:00,2.3,13.79,297.0
2022-01-31 15:00:00,2.06,12.9,294.0
2022-01-31 18:00:00,2.16,12.9,289.0
2022-01-31 21:00:00,2.22,12.12,298.0
2022-02-01 00:00:00,2.11,12.12,319.0
2022-02-01 03:00:00,2.35,11.43,320.0
2022-02-01 06:00:00,2.14,12.9,336.0
2022-02-01 09:00:00,2.77,12.12,316.0
2022-02-01 12:00:00,3.8,14.81,321.0
2022-02-01 15:00:00,3.58,12.12,309.0
2022-02-01 18:00:00,3.3,13.79,311.0
2022-02-01 21:00:00,3.67,13.79,311.0
2022-02-02 00:00:00,3.15,13.79,297.0
2022-02-02 03:00:00,2.85,12.9,299.0
2022-02-02 06:00:00,2.37,12.9,311.0
2022-02-02 09:00:00,2.13,12.9,327.0
2022-02-02 12:00:00,2.14,12.9,339.0
2022-02-02 15:00:00,2.25,12.12,317.0
2022-02-02 18:00:00,1.89,11.43,309.0
2022-02-02 21:00:00,1.7,12.12,326.0
2022-02-03 00:00:00,1.51,10.0,295.0
2022-02-03 03:00:00,1.35,10.81,291.0
2022-02-03 06:00:00,1.33,8.33,88.0
2022-02-03 09:00:00,1.25,10.0,287.0
2022-02-03 12:00:00,1.38,9.09,281.0
2022-02-03 15:00:00,1.41,7.69,93.0
2022-02-03 18:00:00,1.56,12.12,293.0
2022-02-03 21:00:00,1.66,12.9,307.0
2022-02-04 00:00:00,2.02,12.9,305.0
2022-02-04 03:00:00,2.47,13.79,312.0
2022-02-04 06:00:00,3.14,12.9,311.0
2022-02-04 09:00:00,2.93,13.79,313.0
2022-02-04 12:00:00,2.81,12.12,303.0
2022-02-04 15:00:00,2.42,13.79,299.0
2022-02-04 18:00:00,2.64,12.9,294.0
2022-02-04 21:00:00,2.35,12.9,306.0
2022-02-05 00:00:00,2.35,12.9,302.0
2022-02-05 03:00:00,2.89,12.9,299.0
2022-02-05 06:00:00,2.95,13.79,283.0
2022-02-05 09:00:00,2.54,12.12,310.0
2022-02-05 12:00:00,2.79,14.81,307.0
2022-02-05 15:00:00,2.51,13.79,302.0
2022-02-05 18:00:00,2.68,13.79,304.0
2022-02-05 21:00:00,2.88,12.9,299.0
2022-02-06 00:00:00,3.04,12.9,314.0
2022-02-06 03:00:00,3.35,12.9,318.0
2022-02-06 06:00:00,3.31,12.9,322.0
2022-02-06 09:00:00,2.82,12.9,321.0
2022-02-06 12:00:00,2.42,11.43,319.0
2022-02-06 15:00:00,2.75,12.9,308.0
2022-02-06 18:00:00,2.51,12.12,317.0
2022-02-06 21:00:00,2.52,12.9,318.0
2022-02-07 00:00:00,2.46,12.12,332.0
2022-02-07 03:00:00,2.56,11.43,312.0
2022-02-07 06:00:00,2.85,12.12,318.0
2022-02-07 09:00:00,2.46,13.79,307.0
2022-02-07 12:00:00,2.35,12.12,315.0
2022-02-07 15:00:00,2.89,12.12,317.0
2022-02-07 18:00:00,2.79,12.12,307.0
2022-02-07 21:00:00,2.32,12.12,309.0
2022-02-08 00:00:00,2.25,12.12,321.0
2022-02-08 03:00:00,2.22,12.9,308.0
2022-02-08 06:00:00,2.31,12.12,308.0
2022-02-08 09:00:00,2.27,11.43,283.0
2022-02-08 12:00:00,1.98,12.12,297.0
2022-02-08 15:00:00,2.08,17.39,316.0
2022-02-08 18:00:00,2.29,17.39,317.0
2022-02-08 21:00:00,2.36,16.0,310.0
2022-02-09 00:00:00,2.74,16.0,290.0
2022-02-09 03:00:00,2.47,14.81,290.0
2022-02-09 06:00:00,2.35,13.79,298.0
2022-02-09 09:00:00,2.26,12.9,315.0
2022-02-09 12:00:00,2.25,12.9,297.0
2022-02-09 15:00:00,2.5,13.79,310.0
2022-02-09 18:00:00,2.43,12.9,288.0
2022-02-09 21:00:00,2.23,12.9,271.0
2022-02-10 00:00:00,2.23,12.12,280.0
2022-02-10 03:00:00,2.04,12.9,290.0
2022-02-10 06:00:00,2.29,12.12,298.0
2022-02-10 09:00:00,2.07,12.9,300.0
2022-02-10 12:00:00,2.15,12.12,289.0
2022-02-10 15:00:00,2.26,11.43,298.0
2022-02-10 18:00:00,2.06,11.43,301.0
2022-02-10 21:00:00,2.2,11.43,304.0
2022-02-11 00:00:00,2.03,9.09,305.0
2022-02-11 03:00:00,2.1,12.12,287.0
2022-02-11 06:00:00,1.96,12.12,292.0
2022-02-11 09:00:00,2.11,12.12,289.0
2022-02-11 12:00:00,1.73,12.9,286.0
2022-02-11 15:00:00,2.08,12.12,299.0
2022-02-11 18:00:00,1.9,12.12,308.0
2022-02-11 21:00:00,2.37,12.12,313.0
2022-02-12 00:00:00,2.18,12.12,296.0
2022-02-12 03:00:00,2.37,12.9,306.0
2022-02-12 06:00:00,2.2,12.9,300.0
2022-02-12 09:00:00,2.3,12.12,314.0
2022-02-12 12:00:00,2.53,12.12,309.0
2022-02-12 15:00:00,2.39,12.12,311.0
2022-02-12 18:00:00,2.18,12.9,306.0
2022-02-12 21:00:00,1.94,12.12,301.0
2022-02-13 00:00:00,1.89,12.12,301.0
2022-02-13 03:00:00,1.68,11.43,339.0
2022-02-13 06:00:00,1.76,9.09,71.0
2022-02-13 09:00:00,1.54,9.09,68.0
2022-02-13 12:00:00,1.73,11.43,302.0
2022-02-13 15:00:00,1.69,6.67,68.0
2022-02-13 18:00:00,1.95,7.14,62.0
2022-02-13 21:00:00,1.67,6.25,74.0
2022-02-14 00:00:00,1.6,5.88,72.0
2022-02-14 03:00:00,1.5,6.67,58.0
2022-02-14 06:00:00,1.41,8.33,72.0
2022-02-14 09:00:00,1.42,7.14,68.0
2022-02-14 12:00:00,1.56,7.14,56.0
2022-02-14 15:00:00,1.58,7.14,64.0
2022-02-14 18:00:00,1.84,19.05,313.0
2022-02-14 21:00:00,1.83,17.39,300.0
2022-02-15 00:00:00,2.7,17.39,291.0
2022-02-15 03:00:00,3.25,16.0,309.0
2022-02-15 06:00:00,3.97,16.0,303.0
2022-02-15 09:00:00,4.0,17.39,295.0
2022-02-15 12:00:00,4.16,17.39,308.0
2022-02-15 15:00:00,3.74,16.0,300.0
2022-02-15 18:00:00,3.22,16.0,302.0
2022-02-15 21:00:00,3.64,16.0,307.0
2022-02-16 00:00:00,3.13,16.0,308.0
2022-02-16 03:00:00,3.04,14.81,295.0
2022-02-16 06:00:00,2.84,16.0,298.0
2022-02-16 09:00:00,3.03,16.0,311.0
2022-02-16 12:00:00,3.31,14.81,306.0
2022-02-16 15:00:00,3.15,14.81,312.0
2022-02-16 18:00:00,2.98,14.81,305.0
2022-02-16 21:00:00,3.44,13.79,330.0
2022-02-17 00:00:00,2.84,13.79,320.0
2022-02-17 03:00:00,3.28,13.79,313.0
2022-02-17 06:00:00,2.6,13.79,298.0
2022-02-17 09:00:00,2.55,13.79,303.0
2022-02-17 12:00:00,2.99,13.79,315.0
2022-02-17 15:00:00,2.66,13.79,317.0
2022-02-17 18:00:00,2.74,13.79,316.0
2022-02-17 21:00:00,1.95,12.9,312.0
2022-02-18 00:00:00,2.22,12.9,316.0
2022-02-18 03:00:00,2.01,12.12,320.0
2022-02-18 06:00:00,2.02,9.09,77.0
2022-02-18 09:00:00,2.18,14.81,341.0
2022-02-18 12:00:00,2.32,13.79,331.0
2022-02-18 15:00:00,3.02,14.81,327.0
2022-02-18 18:00:00,3.23,13.79,318.0
2022-02-18 21:00:00,3.08,12.9,321.0
2022-02-19 00:00:00,3.59,12.9,327.0
2022-02-19 03:00:00,3.5,12.12,327.0
2022-02-19 06:00:00,3.4,12.12,322.0
2022-02-19 09:00:00,3.61,11.43,336.0
2022-02-19 12:00:00,3.33,14.81,336.0
2022-02-19 15:00:00,3.6,10.0,51.0
2022-02-19 18:00:00,3.28,10.0,75.0
2022-02-19 21:00:00,2.97,13.79,317.0
2022-02-20 00:00:00,3.25,10.0,50.0
2022-02-20 03:00:00,3.09,10.0,43.0
2022-02-20 06:00:00,2.8,11.43,342.0
2022-02-20 09:00:00,2.9,11.43,0.0
2022-02-20 12:00:00,2.94,12.12,358.0
2022-02-20 15:00:00,2.87,12.9,352.0
2022-02-20 18:00:00,2.82,10.0,22.0
2022-02-20 21:00:00,2.64,11.43,4.0
2022-02-21 00:00:00,2.44,10.0,42.0
2022-02-21 03:00:00,2.28,9.09,71.0
2022-02-21 06:00:00,2.11,10.0,27.0
2022-02-21 09:00:00,2.24,10.0,42.0
2022-02-21 12:00:00,2.07,10.0,40.0
2022-02-21 15:00:00,2.07,10.0,41.0
2022-02-21 18:00:00,1.79,9.09,66.0
2022-02-21 21:00:00,1.79,9.09,73.0
2022-02-22 00:00:00,1.79,9.09,60.0
2022-02-22 03:00:00,1.75,14.81,302.0
2022-02-22 06:00:00,1.89,14.81,326.0
2022-02-22 09:00:00,1.98,13.79,301.0
2022-02-22 12:00:00,1.98,13.79,308.0
2022-02-22 15:00:00,2.09,13.79,311.0
2022-02-22 18:00:00,2.24,13.79,300.0
2022-02-22 21:00:00,2.14,11.43,317.0
2022-02-23 00:00:00,2.2,12.9,311.0
2022-02-23 03:00:00,2.09,10.81,318.0
2022-02-23 06:00:00,2.16,11.43,320.0
2022-02-23 09:00:00,2.04,12.9,316.0
2022-02-23 12:00:00,1.74,12.12,329.0
2022-02-23 15:00:00,1.96,12.9,302.0
2022-02-23 18:00:00,1.98,12.9,313.0
2022-02-23 21:00:00,2.04,12.12,328.0
2022-02-24 00:00:00,1.87,11.43,337.0
2022-02-24 03:00:00,2.06,12.12,312.0
2022-02-24 06:00:00,1.97,11.43,339.0
2022-02-24 09:00:00,1.84,10.0,8.0
2022-02-24 12:00:00,1.71,9.09,63.0
2022-02-24 15:00:00,1.72,21.05,295.0
2022-02-24 18:00:00,1.9,21.05,281.0
2022-02-24 21:00:00,2.58,19.05,290.0
2022-02-25 00:00:00,2.77,19.05,303.0
2022-02-25 03:00:00,3.32,19.05,301.0
2022-02-25 06:00:00,3.69,19.05,300.0
2022-02-25 09:00:00,3.36,19.05,293.0
2022-02-25 12:00:00,3.83,17.39,294.0
2022-02-25 15:00:00,4.01,17.39,298.0
2022-02-25 18:00:00,4.08,17.39,297.0
2022-02-25 21:00:00,4.65,17.39,300.0
2022-02-26 00:00:00,4.18,14.81,306.0
2022-02-26 03:00:00,3.33,17.39,310.0
2022-02-26 06:00:00,4.23,16.0,317.0
2022-02-26 09:00:00,3.73,14.81,314.0
2022-02-26 12:00:00,3.64,16.0,302.0
2022-02-26 15:00:00,3.45,16.0,303.0
2022-02-26 18:00:00,3.57,16.0,302.0
2022-02-26 21:00:00,3.53,16.0,303.0
2022-02-27 00:00:00,3.1,14.81,312.0
2022-02-27 03:00:00,3.22,14.81,303.0
2022-02-27 06:00:00,3.35,14.81,308.0
2022-02-27 09:00:00,3.19,14.81,300.0
2022-02-27 12:00:00,2.82,14.81,305.0
2022-02-27 15:00:00,3.01,14.81,306.0
2022-02-27 18:00:00,3.0,14.81,307.0
2022-02-27 21:00:00,2.74,14.81,314.0
2022-02-28 00:00:00,3.03,13.79,301.0
2022-02-28 03:00:00,2.53,14.81,311.0
2022-02-28 06:00:00,2.19,11.43,334.0
2022-02-28 09:00:00,2.64,13.79,321.0
2022-02-28 12:00:00,2.62,9.09,81.0
2022-02-28 15:00:00,2.55,12.9,313.0
2022-02-28 18:00:00,2.47,12.9,326.0
2022-02-28 21:00:00,2.62,11.43,322.0
2022-03-01 00:00:00,3.05,12.12,321.0
2022-03-01 03:00:00,2.7,12.12,316.0
2022-03-01 06:00:00,2.46,10.81,339.0
2022-03-01 09:00:00,2.25,12.12,320.0
2022-03-01 12:00:00,2.55,12.9,314.0
2022-03-01 15:00:00,2.18,12.12,313.0
2022-03-01 18:00:00,1.92,12.12,310.0
2022-03-01 21:00:00,1.94,10.0,358.0
2022-03-02 00:00:00,2.0,12.12,311.0
2022-03-02 03:00:00,2.03,11.43,308.0
2022-03-02 06:00:00,1.82,11.43,301.0
2022-03-02 09:00:00,1.73,11.43,321.0
2022-03-02 12:00:00,1.82,11.43,336.0
2022-03-02 15:00:00,1.83,12.12,308.0
2022-03-02 18:00:00,1.71,10.81,327.0
2022-03-02 21:00:00,1.53,10.81,324.0
2022-03-03 00:00:00,1.79,9.09,115.0
2022-03-03 03:00:00,1.63,9.09,103.0
2022-03-03 06:00:00,1.49,10.81,319.0
2022-03-03 09:00:00,1.51,11.43,307.0
2022-03-03 12:00:00,1.65,11.43,307.0
2022-03-03 15:00:00,1.88,16.0,312.0
2022-03-03 18:00:00,2.19,16.0,304.0
2022-03-03 21:00:00,2.6,14.81,306.0
2022-03-04 00:00:00,2.58,13.79,299.0
2022-03-04 03:00:00,2.36,16.0,297.0
2022-03-04 06:00:00,2.51,12.9,308.0
2022-03-04 09:00:00,2.54,13.79,293.0
2022-03-04 12:00:00,2.89,13.79,308.0
2022-03-04 15:00:00,2.79,12.9,300.0
2022-03-04 18:00:00,2.8,13.79,306.0
2022-03-04 21:00:00,2.74,12.9,305.0
2022-03-05 00:00:00,2.51,13.79,312.0
2022-03-05 03:00:00,2.55,12.9,304.0
2022-03-05 06:00:00,2.46,13.79,303.0
2022-03-05 09:00:00,2.5,13.79,310.0
2022-03-05 12:00:00,2.67,14.81,311.0
2022-03-05 15:00:00,3.12,12.9,318.0
2022-03-05 18:00:00,2.47,13.79,319.0
2022-03-05 21:00:00,2.75,13.79,313.0
2022-03-06 00:00:00,2.51,12.9,329.0
2022-03-06 03:00:00,2.53,12.9,308.0
2022-03-06 06:00:00,2.14,12.12,333.0
2022-03-06 09:00:00,2.08,12.12,316.0
2022-03-06 12:00:00,2.17,12.12,313.0
2022-03-06 15:00:00,2.41,12.9,306.0
2022-03-06 18:00:00,2.23,12.12,301.0
2022-03-06 21:00:00,1.96,12.12,294.0
2022-03-07 00:00:00,1.76,10.0,48.0
2022-03-07 03:00:00,1.75,10.81,324.0
2022-03-07 06:00:00,1.64,10.81,350.0
2022-03-07 09:00:00,1.51,10.0,51.0
2022-03-07 12:00:00,1.5,10.81,23.0
2022-03-07 15:00:00,2.28,10.0,60.0
2022-03-07 18:00:00,2.35,6.67,334.0
2022-03-07 21:00:00,1.96,7.14,338.0
2022-03-08 00:00:00,2.09,10.0,38.0
2022-03-08 03:00:00,2.27,7.69,340.0
2022-03-08 06:00:00,2.86,13.79,340.0
2022-03-08 09:00:00,3.06,12.9,324.0
2022-03-08 12:00:00,3.34,12.12,333.0
2022-03-08 15:00:00,2.89,13.79,321.0
2022-03-08 18:00:00,2.81,10.0,18.0
2022-03-08 21:00:00,2.5,10.81,7.0
2022-03-09 00:00:00,2.55,12.9,337.0
2022-03-09 03:00:00,2.51,10.0,33.0
2022-03-09 06:00:00,2.46,12.9,318.0
2022-03-09 09:00:00,2.2,10.0,49.0
2022-03-09 12:00:00,-9999.0,-9999.0,-9999.0
2022-03-09 15:00:00,1.84,11.43,343.0
2022-03-09 18:00:00,1.98,9.09,59.0
2022-03-09 21:00:00,1.72,9.09,45.0
2022-03-10 00:00:00,1.53,10.0,31.0
2022-03-10 03:00:00,1.62,9.09,50.0
2022-03-10 06:00:00,1.42,10.0,30.0
2022-03-10 09:00:00,1.3,9.09,62.0
2022-03-10 12:00:00,1.21,9.09,57.0
2022-03-10 15:00:00,1.22,9.09,68.0
2022-03-10 18:00:00,1.26,9.09,74.0
2022-03-10 21:00:00,1.33,9.09,82.0
2022-03-11 00:00:00,1.19,8.33,84.0
2022-03-11 03:00:00,1.51,16.0,307.0
2022-03-11 06:00:00,1.64,16.0,309.0
2022-03-11 09:00:00,1.82,14.81,307.0
2022-03-11 12:00:00,2.24,14.81,307.0
2022-03-11 15:00:00,2.18,14.81,310.0
2022-03-11 18:00:00,2.23,14.81,310.0
2022-03-11 21:00:00,2.05,13.79,309.0
2022-03-12 00:00:00,2.07,14.81,315.0
2022-03-12 03:00:00,2.07,13.79,306.0
2022-03-12 06:00:00,1.97,13.79,294.0
2022-03-12 09:00:00,1.94,14.81,286.0
2022-03-12 12:00:00,1.63,8.33,98.0
2022-03-12 15:00:00,1.78,12.9,299.0
2022-03-12 18:00:00,1.89,12.9,315.0
2022-03-12 21:00:00,1.64,10.81,326.0
2022-03-13 00:00:00,1.84,12.9,311.0
2022-03-13 03:00:00,1.8,12.9,337.0
2022-03-13 06:00:00,1.86,9.09,108.0
2022-03-13 09:00:00,1.93,12.9,316.0
2022-03-13 12:00:00,1.67,12.12,319.0
2022-03-13 15:00:00,1.61,12.9,310.0
2022-03-13 18:00:00,1.59,12.9,333.0
2022-03-13 21:00:00,1.62,10.0,79.0
2022-03-14 00:00:00,1.69,8.33,104.0
2022-03-14 03:00:00,2.33,16.0,328.0
2022-03-14 06:00:00,2.73,14.81,331.0
2022-03-14 09:00:00,2.87,14.81,339.0
2022-03-14 12:00:00,2.67,13.79,334.0
2022-03-14 15:00:00,2.6,13.79,325.0
2022-03-14 18:00:00,2.74,13.79,332.0
2022-03-14 21:00:00,2.69,12.12,321.0
2022-03-15 00:00:00,2.77,12.9,327.0
2022-03-15 03:00:00,2.49,12.12,319.0
2022-03-15 06:00:00,2.58,12.9,328.0
2022-03-15 09:00:00,2.03,12.9,313.0
2022-03-15 12:00:00,2.37,12.12,330.0
2022-03-15 15:00:00,2.29,12.9,321.0
2022-03-15 18:00:00,2.22,12.9,331.0
2022-03-15 21:00:00,2.44,12.12,317.0
2022-03-16 00:00:00,1.98,12.9,314.0
2022-03-16 03:00:00,1.98,12.12,299.0
2022-03-16 06:00:00,1.97,12.12,303.0
2022-03-16 09:00:00,1.83,12.12,299.0
2022-03-16 12:00:00,1.95,12.12,311.0
2022-03-16 15:00:00,1.65,12.12,318.0
2022-03-16 18:00:00,1.6,11.43,327.0
2022-03-16 21:00:00,1.67,12.12,321.0
2022-03-17 00:00:00,2.08,11.43,322.0
2022-03-17 03:00:00,1.87,11.43,315.0
2022-03-17 06:00:00,1.86,12.12,313.0
2022-03-17 09:00:00,1.82,12.12,309.0
2022-03-17 12:00:00,1.96,11.43,317.0
2022-03-17 15:00:00,2.15,12.12,309.0
2022-03-17 18:00:00,1.73,10.81,322.0
2022-03-17 21:00:00,1.65,12.9,320.0
2022-03-18 00:00:00,1.58,12.9,302.0
2022-03-18 03:00:00,1.72,9.09,15.0
2022-03-18 06:00:00,1.51,12.12,311.0
2022-03-18 09:00:00,1.5,10.81,319.0
2022-03-18 12:00:00,1.69,16.0,346.0
2022-03-18 15:00:00,1.93,16.0,324.0
2022-03-18 18:00:00,2.05,14.81,327.0
2022-03-18 21:00:00,2.25,14.81,335.0
2022-03-19 00:00:00,2.09,13.79,327.0
2022-03-19 03:00:00,1.97,12.9,321.0
2022-03-19 06:00:00,1.97,12.9,328.0
2022-03-19 09:00:00,1.75,12.12,338.0
2022-03-19 12:00:00,1.9,12.9,317.0
2022-03-19 15:00:00,1.82,11.43,317.0
2022-03-19 18:00:00,1.68,10.0,352.0
2022-03-19 21:00:00,1.62,8.33,88.0
2022-03-20 00:00:00,1.66,9.09,123.0
2022-03-20 03:00:00,1.53,9.09,101.0
2022-03-20 06:00:00,1.4,9.09,107.0
2022-03-20 09:00:00,1.35,7.14,103.0
2022-03-20 12:00:00,1.39,8.33,107.0
2022-03-20 15:00:00,1.45,8.33,122.0
2022-03-20 18:00:00,1.23,9.09,112.0
2022-03-20 21:00:00,1.32,8.33,102.0
2022-03-21 00:00:00,1.31,7.69,111.0
2022-03-21 03:00:00,1.47,9.09,91.0
2022-03-21 06:00:00,1.53,10.0,76.0
2022-03-21 09:00:00,1.7,16.0,320.0
2022-03-21 12:00:00,2.73,14.81,330.0
2022-03-21 15:00:00,3.22,12.9,328.0
2022-03-21 18:00:00,3.52,14.81,334.0
2022-03-21 21:00:00,3.68,14.81,337.0
2022-03-22 00:00:00,4.5,14.81,344.0
2022-03-22 03:00:00,4.28,14.81,329.0
2022-03-22 06:00:00,3.99,13.79,339.0
2022-03-22 09:00:00,3.76,13.79,344.0
2022-03-22 12:00:00,3.77,8.33,18.0
2022-03-22 15:00:00,3.91,12.9,337.0
2022-03-22 18:00:00,4.04,12.12,356.0
2022-03-22 21:00:00,3.68,12.12,0.0
2022-03-23 00:00:00,3.41,12.9,358.0
2022-03-23 03:00:00,3.55,12.12,355.0
2022-03-23 06:00:00,3.71,8.33,53.0
2022-03-23 09:00:00,3.59,12.12,3.0
2022-03-23 12:00:00,3.71,9.09,78.0
2022-03-23 15:00:00,3.43,9.09,47.0
2022-03-23 18:00:00,3.58,9.09,59.0
2022-03-23 21:00:00,3.67,12.9,8.0
2022-03-24 00:00:00,3.65,9.09,65.0
2022-03-24 03:00:00,3.77,12.12,8.0
2022-03-24 06:00:00,3.94,9.09,70.0
2022-03-24 09:00:00,3.35,9.09,64.0
2022-03-24 12:00:00,3.2,9.09,52.0
2022-03-24 15:00:00,3.17,9.09,55.0
2022-03-24 18:00:00,3.1,8.33,65.0
2022-03-24 21:00:00,2.79,9.09,62.0
2022-03-25 00:00:00,2.8,8.33,65.0
2022-03-25 03:00:00,2.73,9.09,69.0
2022-03-25 06:00:00,2.85,8.33,87.0
2022-03-25 09:00:00,2.55,8.33,78.0
2022-03-25 12:00:00,2.5,9.09,85.0
2022-03-25 15:00:00,2.39,8.33,88.0
2022-03-25 18:00:00,2.55,9.09,79.0
2022-03-25 21:00:00,2.41,9.09,74.0
2022-03-26 00:00:00,2.23,9.09,71.0
2022-03-26 03:00:00,2.19,9.09,66.0
2022-03-26 06:00:00,2.13,10.0,49.0
2022-03-26 09:00:00,2.08,8.33,70.0
2022-03-26 12:00:00,1.88,8.33,65.0
2022-03-26 15:00:00,1.94,10.0,41.0
2022-03-26 18:00:00,1.85,9.09,73.0
2022-03-26 21:00:00,1.86,9.09,64.0
2022-03-27 00:00:00,1.79,8.33,63.0
2022-03-27 03:00:00,1.76,9.09,59.0
2022-03-27 06:00:00,1.73,8.33,59.0
2022-03-27 09:00:00,1.76,10.0,17.0
2022-03-27 12:00:00,1.91,9.09,76.0
2022-03-27 15:00:00,1.87,10.0,2.0
2022-03-27 18:00:00,1.6,9.09,21.0
2022-03-27 21:00:00,1.69,8.33,44.0
2022-03-28 00:00:00,1.56,8.33,69.0
2022-03-28 03:00:00,1.5,9.09,44.0
2022-03-28 06:00:00,1.59,9.09,52.0
2022-03-28 09:00:00,1.54,9.09,30.0
2022-03-28 12:00:00,1.5,7.14,63.0
2022-03-28 15:00:00,1.67,9.09,18.0
2022-03-28 18:00:00,1.46,9.09,49.0
2022-03-28 21:00:00,1.52,14.81,323.0
2022-03-29 00:00:00,1.85,14.81,341.0
2022-03-29 03:00:00,2.06,13.79,335.0
2022-03-29 06:00:00,2.12,12.9,344.0
2022-03-29 09:00:00,2.27,13.79,335.0
2022-03-29 12:00:00,2.7,13.79,328.0
2022-03-29 15:00:00,2.99,13.79,332.0
2022-03-29 18:00:00,3.24,12.9,345.0
2022-03-29 21:00:00,2.71,12.9,325.0
2022-03-30 00:00:00,2.67,12.12,315.0
2022-03-30 03:00:00,2.72,12.9,328.0
2022-03-30 06:00:00,2.53,12.9,336.0
2022-03-30 09:00:00,2.38,12.9,343.0
2022-03-30 12:00:00,2.44,12.9,338.0
2022-03-30 15:00:00,2.37,12.12,345.0
2022-03-30 18:00:00,2.36,12.12,349.0
2022-03-30 21:00:00,2.28,11.43,332.0
2022-03-31 00:00:00,2.12,13.79,353.0
2022-03-31 03:00:00,2.19,11.43,337.0
2022-03-31 06:00:00,2.03,12.9,359.0
2022-03-31 09:00:00,1.84,12.9,356.0
2022-03-31 12:00:00,1.8,12.9,6.0
2022-03-31 15:00:00,1.75,12.9,352.0
2022-03-31 18:00:00,1.49,10.81,11.0
2022-03-31 21:00:00,1.51,10.81,44.0
2022-04-01 00:00:00,1.71,12.12,23.0
2022-04-01 03:00:00,1.6,12.12,23.0
2022-04-01 06:00:00,1.56,12.12,3.0
2022-04-01 09:00:00,1.87,12.12,8.0
2022-04-01 12:00:00,2.03,11.43,355.0
2022-04-01 15:00:00,2.18,11.43,352.0
2022-04-01 18:00:00,2.24,7.69,54.0
2022-04-01 21:00:00,2.66,16.0,337.0
2022-04-02 00:00:00,3.3,16.0,341.0
2022-04-02 03:00:00,3.35,16.0,341.0
2022-04-02 06:00:00,2.92,14.81,350.0
2022-04-02 09:00:00,3.6,14.81,334.0
2022-04-02 12:00:00,3.44,14.81,343.0
2022-04-02 15:00:00,3.55,14.81,336.0
2022-04-02 18:00:00,3.19,13.79,335.0
2022-04-02 21:00:00,3.2,13.79,338.0
2022-04-03 00:00:00,3.11,13.79,341.0
2022-04-03 03:00:00,3.3,13.79,321.0
2022-04-03 06:00:00,3.11,8.33,88.0
2022-04-03 09:00:00,3.4,9.09,91.0
2022-04-03 12:00:00,3.36,8.33,94.0
2022-04-03 15:00:00,3.2,8.33,88.0
2022-04-03 18:00:00,2.68,8.33,89.0
2022-04-03 21:00:00,2.74,9.09,87.0
2022-04-04 00:00:00,2.8,9.09,102.0
2022-04-04 03:00:00,2.74,8.33,94.0
2022-04-04 06:00:00,3.07,9.09,94.0
2022-04-04 09:00:00,2.72,9.09,89.0
2022-04-04 12:00:00,2.71,9.09,89.0
2022-04-04 15:00:00,2.6,9.09,108.0
2022-04-04 18:00:00,2.42,10.0,103.0
2022-04-04 21:00:00,2.58,9.09,94.0
2022-04-05 00:00:00,2.56,9.09,101.0
2022-04-05 03:00:00,2.36,9.09,91.0
2022-04-05 06:00:00,2.39,8.33,90.0
2022-04-05 09:00:00,2.31,9.09,91.0
2022-04-05 12:00:00,2.49,9.09,101.0
2022-04-05 15:00:00,2.4,9.09,86.0
2022-04-05 18:00:00,2.07,10.0,60.0
2022-04-05 21:00:00,1.87,9.09,102.0
2022-04-06 00:00:00,1.76,8.33,102.0
2022-04-06 03:00:00,1.83,8.33,75.0
2022-04-06 06:00:00,1.74,9.09,75.0
2022-04-06 09:00:00,1.75,9.09,95.0
2022-04-06 12:00:00,1.68,8.33,83.0
2022-04-06 15:00:00,1.74,8.33,80.0
2022-04-06 18:00:00,1.58,10.0,66.0
2022-04-06 21:00:00,1.81,9.09,58.0
2022-04-07 00:00:00,2.18,8.33,14.0
2022-04-07 03:00:00,2.36,7.69,34.0
2022-04-07 06:00:00,2.61,9.09,48.0
2022-04-07 09:00:00,3.06,9.09,16.0
2022-04-07 12:00:00,3.22,9.09,37.0
2022-04-07 15:00:00,3.2,9.09,34.0
2022-04-07 18:00:00,3.05,9.09,42.0
2022-04-07 21:00:00,-9999.0,-9999.0,-9999.0
2022-04-08 00:00:00,-9999.0,-9999.0,-9999.0
2022-04-08 03:00:00,-9999.0,-9999.0,-9999.0
2022-04-08 06:00:00,2.75,8.33,55.0
2022-04-08 09:00:00,2.51,8.33,61.0
2022-04-08 12:00:00,2.57,9.09,65.0
2022-04-08 15:00:00,2.53,8.33,82.0
2022-04-08 18:00:00,2.6,9.09,66.0
2022-04-08 21:00:00,2.49,9.09,78.0
2022-04-09 00:00:00,2.3,8.33,94.0
2022-04-09 03:00:00,2.58,8.33,94.0
2022-04-09 06:00:00,2.31,9.09,74.0
2022-04-09 09:00:00,2.21,9.09,76.0
2022-04-09 12:00:00,2.16,9.09,85.0
2022-04-09 15:00:00,2.07,9.09,73.0
2022-04-09 18:00:00,2.09,8.33,85.0
2022-04-09 21:00:00,2.15,8.33,86.0
2022-04-10 00:00:00,2.0,9.09,91.0
2022-04-10 03:00:00,2.19,9.09,95.0
2022-04-10 06:00:00,2.02,9.09,92.0
2022-04-10 09:00:00,2.09,10.0,73.0
2022-04-10 12:00:00,2.09,9.09,90.0
2022-04-10 15:00:00,1.99,10.0,67.0
2022-04-10 18:00:00,2.07,9.09,67.0
2022-04-10 21:00:00,2.15,9.09,89.0
2022-04-11 00:00:00,2.22,9.09,90.0
2022-04-11 03:00:00,2.31,10.0,77.0
2022-04-11 06:00:00,2.53,10.0,79.0
2022-04-11 09:00:00,2.47,10.0,63.0
2022-04-11 12:00:00,2.1,10.0,77.0
2022-04-11 15:00:00,2.25,10.0,61.0
2022-04-11 18:00:00,2.14,10.0,64.0
2022-04-11 21:00:00,2.22,10.0,73.0
2022-04-12 00:00:00,2.18,10.0,79.0
2022-04-12 03:00:00,2.04,10.0,82.0
2022-04-12 06:00:00,2.2,10.0,81.0
2022-04-12 09:00:00,2.29,10.0,46.0
2022-04-12 12:00:00,2.39,10.0,68.0
2022-04-12 15:00:00,2.23,10.0,68.0
2022-04-12 18:00:00,1.99,10.81,77.0
2022-04-12 21:00:00,2.09,10.0,65.0
2022-04-13 00:00:00,1.95,9.09,86.0
2022-04-13 03:00:00,1.98,10.81,67.0
2022-04-13 06:00:00,1.74,10.81,73.0
2022-04-13 09:00:00,1.84,10.81,71.0
2022-04-13 12:00:00,1.87,9.09,75.0
2022-04-13 15:00:00,2.0,9.09,76.0
2022-04-13 18:00:00,1.92,10.81,77.0
2022-04-13 21:00:00,1.9,10.0,77.0
2022-04-14 00:00:00,1.78,10.0,67.0
2022-04-14 03:00:00,1.74,10.81,58.0
2022-04-14 06:00:00,1.67,11.43,60.0
2022-04-14 09:00:00,1.67,11.43,20.0
2022-04-14 12:00:00,1.78,10.0,73.0
2022-04-14 15:00:00,1.56,8.33,79.0
2022-04-14 18:00:00,1.54,10.81,52.0
2022-04-14 21:00:00,1.61,9.09,77.0
2022-04-15 00:00:00,1.7,9.09,71.0
2022-04-15 03:00:00,1.74,7.69,55.0
2022-04-15 06:00:00,1.8,14.81,339.0
2022-04-15 09:00:00,1.83,7.69,60.0
2022-04-15 12:00:00,1.97,13.79,342.0
2022-04-15 15:00:00,1.97,12.9,337.0
2022-04-15 18:00:00,1.93,12.12,350.0
2022-04-15 21:00:00,2.05,12.9,330.0
2022-04-16 00:00:00,2.14,8.33,46.0
2022-04-16 03:00:00,2.08,8.33,35.0
2022-04-16 06:00:00,2.09,7.69,67.0
2022-04-16 09:00:00,2.16,7.14,95.0
2022-04-16 12:00:00,2.11,10.81,342.0
2022-04-16 15:00:00,2.08,9.09,54.0
2022-04-16 18:00:00,2.13,7.14,74.0
2022-04-16 21:00:00,2.1,9.09,34.0
2022-04-17 00:00:00,2.16,6.67,87.0
2022-04-17 03:00:00,2.16,8.33,53.0
2022-04-17 06:00:00,2.19,7.69,73.0
2022-04-17 09:00:00,2.22,8.33,67.0
2022-04-17 12:00:00,2.29,7.69,64.0
2022-04-17 15:00:00,2.5,7.69,61.0
2022-04-17 18:00:00,2.29,7.69,57.0
2022-04-17 21:00:00,2.27,7.69,49.0
2022-04-18 00:00:00,2.37,10.81,28.0
2022-04-18 03:00:00,2.47,7.69,56.0
2022-04-18 06:00:00,2.38,7.69,53.0
2022-04-18 09:00:00,2.52,7.14,41.0
2022-04-18 12:00:00,2.4,6.67,72.0
2022-04-18 15:00:00,2.64,7.14,59.0
2022-04-18 18:00:00,2.23,7.14,70.0
2022-04-18 21:00:00,2.3,7.14,71.0
2022-04-19 00:00:00,2.49,7.69,89.0
2022-04-19 03:00:00,2.31,7.69,88.0
2022-04-19 06:00:00,2.05,7.14,81.0
2022-04-19 09:00:00,2.1,12.9,42.0
2022-04-19 12:00:00,2.01,10.0,35.0
2022-04-19 15:00:00,1.99,11.43,356.0
2022-04-19 18:00:00,2.27,11.43,340.0
2022-04-19 21:00:00,2.11,10.0,17.0
2022-04-20 00:00:00,1.99,7.69,62.0
2022-04-20 03:00:00,2.14,6.67,84.0
2022-04-20 06:00:00,2.21,8.33,81.0
2022-04-20 09:00:00,2.14,6.67,78.0
2022-04-20 12:00:00,1.91,16.0,313.0
2022-04-20 15:00:00,2.25,14.81,312.0
2022-04-20 18:00:00,2.06,14.81,343.0
2022-04-20 21:00:00,2.12,14.81,305.0
2022-04-21 00:00:00,2.19,14.81,345.0
2022-04-21 03:00:00,2.29,13.79,331.0
2022-04-21 06:00:00,2.45,13.79,343.0
2022-04-21 09:00:00,2.38,12.9,352.0
2022-04-21 12:00:00,2.03,13.79,13.0
2022-04-21 15:00:00,2.22,12.9,343.0
2022-04-21 18:00:00,2.34,12.9,331.0
2022-04-21 21:00:00,2.13,12.9,359.0
2022-04-22 00:00:00,2.03,12.9,348.0
2022-04-22 03:00:00,2.14,12.12,358.0
2022-04-22 06:00:00,2.18,12.12,355.0
2022-04-22 09:00:00,2.14,12.9,348.0
2022-04-22 12:00:00,2.29,12.12,343.0
2022-04-22 15:00:00,2.51,12.12,343.0
2022-04-22 18:00:00,2.43,11.43,341.0
2022-04-22 21:00:00,2.16,11.43,353.0
2022-04-23 00:00:00,2.04,12.12,358.0
2022-04-23 03:00:00,1.95,10.81,9.0
2022-04-23 06:00:00,1.77,10.81,6.0
2022-04-23 09:00:00,2.01,8.33,99.0
2022-04-23 12:00:00,2.01,19.05,77.0
2022-04-23 15:00:00,2.03,17.39,359.0
2022-04-23 18:00:00,2.62,17.39,340.0
2022-04-23 21:00:00,2.52,16.0,335.0
2022-04-24 00:00:00,2.4,16.0,354.0
2022-04-24 03:00:00,2.9,16.0,345.0
2022-04-24 06:00:00,2.75,14.81,345.0
2022-04-24 09:00:00,3.25,14.81,339.0
2022-04-24 12:00:00,2.88,14.81,347.0
2022-04-24 15:00:00,2.61,13.79,347.0
2022-04-24 18:00:00,2.62,14.81,333.0
2022-04-24 21:00:00,2.86,13.79,343.0
2022-04-25 00:00:00,2.82,13.79,342.0
2022-04-25 03:00:00,2.51,12.9,340.0
2022-04-25 06:00:00,2.46,12.9,3.0
2022-04-25 09:00:00,2.49,12.9,338.0
2022-04-25 12:00:00,2.37,12.9,353.0
2022-04-25 15:00:00,2.27,12.12,338.0
2022-04-25 18:00:00,2.29,12.12,348.0
2022-04-25 21:00:00,2.24,16.0,150.0
2022-04-26 00:00:00,2.35,11.43,346.0
2022-04-26 03:00:00,2.25,11.43,344.0
2022-04-26 06:00:00,2.25,11.43,2.0
2022-04-26 09:00:00,2.09,10.81,5.0
2022-04-26 12:00:00,2.17,9.09,79.0
2022-04-26 15:00:00,2.2,10.81,352.0
2022-04-26 18:00:00,2.03,14.81,138.0
2022-04-26 21:00:00,1.94,8.33,102.0
2022-04-27 00:00:00,1.99,7.69,90.0
2022-04-27 03:00:00,1.84,9.09,89.0
2022-04-27 06:00:00,1.78,13.79,155.0
2022-04-27 09:00:00,1.82,8.33,98.0
2022-04-27 12:00:00,1.79,9.09,93.0
2022-04-27 15:00:00,1.66,9.09,75.0
2022-04-27 18:00:00,1.71,9.09,88.0
2022-04-27 21:00:00,1.64,9.09,81.0
2022-04-28 00:00:00,1.7,9.09,86.0
2022-04-28 03:00:00,1.52,9.09,97.0
2022-04-28 06:00:00,1.59,9.09,95.0
2022-04-28 09:00:00,1.41,9.09,104.0
2022-04-28 12:00:00,1.59,9.09,93.0
2022-04-28 15:00:00,1.53,8.33,79.0
2022-04-28 18:00:00,1.47,9.09,95.0
2022-04-28 21:00:00,1.53,9.09,101.0
2022-04-29 00:00:00,1.52,7.69,97.0
2022-04-29 03:00:00,1.53,8.33,93.0
2022-04-29 06:00:00,1.42,9.09,101.0
2022-04-29 09:00:00,1.45,9.09,98.0
2022-04-29 12:00:00,1.51,8.33,99.0
2022-04-29 15:00:00,1.48,12.12,332.0
2022-04-29 18:00:00,1.59,12.12,308.0
2022-04-29 21:00:00,1.52,9.09,107.0
2022-04-30 00:00:00,1.54,9.09,116.0
2022-04-30 03:00:00,1.5,8.33,94.0
2022-04-30 06:00:00,1.66,9.09,89.0
2022-04-30 09:00:00,1.58,10.0,117.0
2022-04-30 12:00:00,1.7,8.33,91.0
2022-04-30 15:00:00,1.79,6.25,99.0
2022-04-30 18:00:00,1.9,10.81,349.0
2022-04-30 21:00:00,1.85,6.67,115.0
2022-05-01 00:00:00,2.04,8.33,107.0
2022-05-01 03:00:00,2.0,12.12,316.0
2022-05-01 06:00:00,2.16,12.12,311.0
2022-05-01 09:00:00,2.11,7.69,104.0
2022-05-01 12:00:00,2.22,7.69,97.0
2022-05-01 15:00:00,2.24,7.69,98.0
2022-05-01 18:00:00,2.38,7.69,97.0
2022-05-01 21:00:00,2.12,9.09,83.0
2022-05-02 00:00:00,2.19,7.69,100.0
2022-05-02 03:00:00,2.29,8.33,97.0
2022-05-02 06:00:00,2.26,8.33,93.0
2022-05-02 09:00:00,2.12,7.14,99.0
2022-05-02 12:00:00,2.56,7.69,101.0
2022-05-02 15:00:00,2.65,8.33,98.0
2022-05-02 18:00:00,2.5,16.0,329.0
2022-05-02 21:00:00,2.34,16.0,341.0
2022-05-03 00:00:00,2.68,16.0,329.0
2022-05-03 03:00:00,3.06,14.81,340.0
2022-05-03 06:00:00,2.76,14.81,343.0
2022-05-03 09:00:00,2.57,13.79,321.0
2022-05-03 12:00:00,2.83,13.79,329.0
2022-05-03 15:00:00,2.95,19.05,341.0
2022-05-03 18:00:00,3.04,9.09,91.0
2022-05-03 21:00:00,3.13,17.39,319.0
2022-05-04 00:00:00,3.15,17.39,341.0
2022-05-04 03:00:00,3.53,17.39,327.0
2022-05-04 06:00:00,3.18,16.0,277.0
2022-05-04 09:00:00,3.34,16.0,333.0
2022-05-04 12:00:00,3.21,14.81,334.0
2022-05-04 15:00:00,3.72,14.81,328.0
2022-05-04 18:00:00,3.48,14.81,323.0
2022-05-04 21:00:00,3.38,14.81,321.0
2022-05-05 00:00:00,3.01,13.79,341.0
2022-05-05 03:00:00,3.07,13.79,327.0
2022-05-05 06:00:00,2.87,12.9,330.0
2022-05-05 09:00:00,2.77,10.0,66.0
2022-05-05 12:00:00,2.91,10.0,82.0
2022-05-05 15:00:00,2.68,12.12,331.0
2022-05-05 18:00:00,2.58,9.09,104.0
2022-05-05 21:00:00,2.48,9.09,91.0
2022-05-06 00:00:00,2.42,16.0,187.0
2022-05-06 03:00:00,2.44,16.0,160.0
2022-05-06 06:00:00,2.16,16.0,157.0
2022-05-06 09:00:00,2.18,9.09,73.0
2022-05-06 12:00:00,2.28,10.0,77.0
2022-05-06 15:00:00,2.44,7.69,97.0
2022-05-06 18:00:00,2.43,7.14,89.0
2022-05-06 21:00:00,2.27,7.14,92.0
2022-05-07 00:00:00,2.02,7.14,91.0
2022-05-07 03:00:00,2.36,7.14,96.0
2022-05-07 06:00:00,2.2,8.33,95.0
2022-05-07 09:00:00,2.27,8.33,98.0
2022-05-07 12:00:00,2.15,8.33,92.0
2022-05-07 15:00:00,2.15,7.69,96.0
2022-05-07 18:00:00,2.31,7.14,101.0
2022-05-07 21:00:00,2.39,8.33,104.0
2022-05-08 00:00:00,2.47,7.69,97.0
2022-05-08 03:00:00,2.49,9.09,101.0
2022-05-08 06:00:00,2.52,8.33,104.0
2022-05-08 09:00:00,2.28,8.33,110.0
2022-05-08 12:00:00,2.37,9.09,101.0
2022-05-08 15:00:00,2.27,9.09,106.0
2022-05-08 18:00:00,2.0,9.09,105.0
2022-05-08 21:00:00,1.95,7.69,93.0
2022-05-09 00:00:00,2.11,8.33,102.0
2022-05-09 03:00:00,1.94,9.09,102.0
2022-05-09 06:00:00,2.04,9.09,99.0
2022-05-09 09:00:00,1.79,8.33,102.0
2022-05-09 12:00:00,1.9,9.09,106.0
2022-05-09 15:00:00,1.84,9.09,97.0
2022-05-09 18:00:00,1.83,9.09,101.0
2022-05-09 21:00:00,2.02,9.09,103.0
2022-05-10 00:00:00,2.06,9.09,110.0
2022-05-10 03:00:00,1.79,9.09,102.0
2022-05-10 06:00:00,1.82,9.09,99.0
2022-05-10 09:00:00,1.86,9.09,102.0
2022-05-10 12:00:00,1.83,9.09,101.0
2022-05-10 15:00:00,1.79,9.09,102.0
2022-05-10 18:00:00,1.78,9.09,101.0
2022-05-10 21:00:00,1.82,11.43,299.0
2022-05-11 00:00:00,1.94,9.09,105.0
2022-05-11 03:00:00,2.08,8.33,88.0
2022-05-11 06:00:00,2.06,8.33,96.0
2022-05-11 09:00:00,1.97,9.09,94.0
2022-05-11 12:00:00,1.81,9.09,101.0
2022-05-11 15:00:00,1.95,8.33,94.0
2022-05-11 18:00:00,2.02,9.09,90.0
2022-05-11 21:00:00,2.24,8.33,96.0
2022-05-12 00:00:00,2.41,9.09,94.0
2022-05-12 03:00:00,2.3,9.09,79.0
2022-05-12 06:00:00,2.17,9.09,88.0
2022-05-12 09:00:00,2.15,10.0,71.0
2022-05-12 12:00:00,2.49,9.09,82.0
2022-05-12 15:00:00,2.31,9.09,82.0
2022-05-12 18:00:00,2.24,9.09,87.0
2022-05-12 21:00:00,2.21,9.09,94.0
2022-05-13 00:00:00,2.06,10.0,86.0
2022-05-13 03:00:00,2.21,9.09,87.0
2022-05-13 06:00:00,2.13,9.09,90.0
2022-05-13 09:00:00,2.42,9.09,99.0
2022-05-13 12:00:00,2.46,9.09,87.0
2022-05-13 15:00:00,2.21,9.09,93.0
2022-05-13 18:00:00,2.12,9.09,91.0
2022-05-13 21:00:00,2.1,8.33,100.0
2022-05-14 00:00:00,2.0,8.33,99.0
2022-05-14 03:00:00,2.09,8.33,103.0
2022-05-14 06:00:00,2.01,8.33,84.0
2022-05-14 09:00:00,2.14,9.09,99.0
2022-05-14 12:00:00,2.14,8.33,95.0
2022-05-14 15:00:00,1.98,9.09,88.0
2022-05-14 18:00:00,1.85,9.09,94.0
2022-05-14 21:00:00,2.08,9.09,105.0
2022-05-15 00:00:00,1.95,9.09,110.0
2022-05-15 03:00:00,1.92,9.09,113.0
2022-05-15 06:00:00,1.85,9.09,96.0
2022-05-15 09:00:00,1.69,9.09,104.0
2022-05-15 12:00:00,1.77,10.0,121.0
2022-05-15 15:00:00,1.78,9.09,100.0
2022-05-15 18:00:00,1.7,9.09,103.0
2022-05-15 21:00:00,1.5,8.33,105.0
2022-05-16 00:00:00,1.59,9.09,104.0
2022-05-16 03:00:00,1.36,9.09,108.0
2022-05-16 06:00:00,1.51,9.09,103.0
2022-05-16 09:00:00,1.55,9.09,104.0
2022-05-16 12:00:00,1.78,10.0,93.0
2022-05-16 15:00:00,1.76,9.09,97.0
2022-05-16 18:00:00,1.52,10.0,99.0
2022-05-16 21:00:00,1.4,9.09,100.0
2022-05-17 00:00:00,1.55,9.09,115.0
2022-05-17 03:00:00,1.33,10.0,127.0
2022-05-17 06:00:00,1.37,9.09,106.0
2022-05-17 09:00:00,-9999.0,-9999.0,-9999.0
2022-05-17 12:00:00,1.52,9.09,93.0
2022-05-17 15:00:00,1.48,8.33,103.0
2022-05-17 18:00:00,1.53,8.33,103.0
2022-05-17 21:00:00,1.7,5.0,173.0
2022-05-18 00:00:00,2.04,5.56,180.0
2022-05-18 03:00:00,2.4,6.25,186.0
2022-05-18 06:00:00,2.44,6.67,193.0
2022-05-18 09:00:00,2.75,7.14,189.0
2022-05-18 12:00:00,2.41,7.14,194.0
2022-05-18 15:00:00,2.62,7.69,189.0
2022-05-18 18:00:00,2.38,7.69,175.0
2022-05-18 21:00:00,2.16,7.69,176.0
2022-05-19 00:00:00,2.48,7.69,161.0
2022-05-19 03:00:00,2.44,7.69,170.0
2022-05-19 06:00:00,2.33,7.69,165.0
2022-05-19 09:00:00,2.88,8.33,180.0
2022-05-19 12:00:00,2.91,8.33,170.0
2022-05-19 15:00:00,2.85,8.33,177.0
2022-05-19 18:00:00,2.93,9.09,201.0
2022-05-19 21:00:00,2.64,9.09,182.0
2022-05-20 00:00:00,2.22,8.33,178.0
2022-05-20 03:00:00,2.17,7.69,154.0
2022-05-20 06:00:00,1.92,8.33,229.0
2022-05-20 09:00:00,1.83,7.69,173.0
2022-05-20 12:00:00,1.86,7.14,175.0
2022-05-20 15:00:00,2.02,8.33,332.0
2022-05-20 18:00:00,2.08,9.09,327.0
2022-05-20 21:00:00,2.01,9.09,336.0
2022-05-21 00:00:00,1.98,9.09,352.0
2022-05-21 03:00:00,1.9,13.79,179.0
2022-05-21 06:00:00,1.72,12.9,175.0
2022-05-21 09:00:00,1.69,13.79,182.0
2022-05-21 12:00:00,1.66,13.79,179.0
2022-05-21 15:00:00,1.64,7.69,71.0
2022-05-21 18:00:00,1.6,8.33,61.0
2022-05-21 21:00:00,1.47,12.12,184.0
2022-05-22 00:00:00,1.41,7.69,51.0
2022-05-22 03:00:00,1.36,8.33,78.0
2022-05-22 06:00:00,1.29,7.69,73.0
2022-05-22 09:00:00,1.24,12.12,193.0
2022-05-22 12:00:00,1.22,9.09,21.0
2022-05-22 15:00:00,1.24,14.81,157.0
2022-05-22 18:00:00,1.19,8.33,115.0
2022-05-22 21:00:00,1.11,13.79,171.0
2022-05-23 00:00:00,1.15,14.81,188.0
2022-05-23 03:00:00,1.07,14.81,191.0
2022-05-23 06:00:00,1.12,7.69,86.0
2022-05-23 09:00:00,1.23,14.81,189.0
2022-05-23 12:00:00,1.21,7.69,87.0
2022-05-23 15:00:00,1.16,7.69,95.0
2022-05-23 18:00:00,1.27,7.14,98.0
2022-05-23 21:00:00,1.39,8.33,112.0
2022-05-24 00:00:00,1.31,7.69,77.0
2022-05-24 03:00:00,1.41,7.14,119.0
2022-05-24 06:00:00,1.54,7.14,111.0
2022-05-24 09:00:00,1.47,7.69,96.0
2022-05-24 12:00:00,1.56,8.33,94.0
2022-05-24 15:00:00,1.51,7.14,85.0
2022-05-24 18:00:00,1.61,7.14,52.0
2022-05-24 21:00:00,1.63,7.69,55.0
2022-05-25 00:00:00,1.54,7.69,58.0
2022-05-25 03:00:00,1.89,7.69,19.0
2022-05-25 06:00:00,1.95,7.69,23.0
2022-05-25 09:00:00,1.5,7.69,52.0
2022-05-25 12:00:00,1.73,9.09,48.0
2022-05-25 15:00:00,1.57,8.33,75.0
2022-05-25 18:00:00,1.8,8.33,75.0
2022-05-25 21:00:00,1.88,10.0,325.0
2022-05-26 00:00:00,1.9,10.0,346.0
2022-05-26 03:00:00,1.73,7.69,31.0
2022-05-26 06:00:00,1.6,9.09,357.0
2022-05-26 09:00:00,1.54,10.81,334.0
2022-05-26 12:00:00,1.7,10.0,318.0
2022-05-26 15:00:00,1.46,9.09,338.0
2022-05-26 18:00:00,1.48,10.0,313.0
2022-05-26 21:00:00,1.5,10.0,313.0
2022-05-27 00:00:00,1.57,9.09,335.0
2022-05-27 03:00:00,1.52,10.0,317.0
2022-05-27 06:00:00,1.34,14.81,173.0
2022-05-27 09:00:00,1.23,9.09,4.0
2022-05-27 12:00:00,1.29,14.81,185.0
2022-05-27 15:00:00,1.23,14.81,174.0
2022-05-27 18:00:00,1.19,13.79,168.0
2022-05-27 21:00:00,1.23,13.79,168.0
2022-05-28 00:00:00,1.33,9.09,150.0
2022-05-28 03:00:00,1.31,19.05,170.0
2022-05-28 06:00:00,1.28,19.05,181.0
2022-05-28 09:00:00,1.3,19.05,185.0
2022-05-28 12:00:00,1.49,17.39,207.0
2022-05-28 15:00:00,1.33,17.39,195.0
2022-05-28 18:00:00,1.38,13.79,258.0
2022-05-28 21:00:00,1.48,13.79,277.0
2022-05-29 00:00:00,1.46,17.39,172.0
2022-05-29 03:00:00,1.36,16.0,168.0
2022-05-29 06:00:00,1.27,13.79,211.0
2022-05-29 09:00:00,1.33,12.9,278.0
2022-05-29 12:00:00,1.38,12.12,287.0
2022-05-29 15:00:00,1.57,16.0,188.0
2022-05-29 18:00:00,1.34,16.0,195.0
2022-05-29 21:00:00,1.45,16.0,223.0
2022-05-30 00:00:00,1.39,12.12,238.0
2022-05-30 03:00:00,1.34,13.79,184.0
2022-05-30 06:00:00,1.3,14.81,189.0
2022-05-30 09:00:00,1.33,11.43,278.0
2022-05-30 12:00:00,1.31,10.81,293.0
2022-05-30 15:00:00,1.34,12.9,175.0
2022-05-30 18:00:00,1.24,13.79,181.0
2022-05-30 21:00:00,1.19,10.81,291.0
2022-05-31 00:00:00,1.24,10.0,288.0
2022-05-31 03:00:00,1.17,13.79,190.0
2022-05-31 06:00:00,1.1,10.0,300.0
2022-05-31 09:00:00,1.08,10.0,306.0
2022-05-31 12:00:00,1.29,6.67,114.0
2022-05-31 15:00:00,1.31,19.05,144.0
2022-05-31 18:00:00,1.33,16.0,139.0
2022-05-31 21:00:00,1.29,17.39,180.0
2022-06-01 00:00:00,1.49,17.39,157.0
2022-06-01 03:00:00,1.4,17.39,188.0
2022-06-01 06:00:00,1.46,17.39,180.0
2022-06-01 09:00:00,1.42,16.0,193.0
2022-06-01 12:00:00,1.49,16.0,171.0
2022-06-01 15:00:00,1.53,17.39,146.0
2022-06-01 18:00:00,1.51,16.0,159.0
2022-06-01 21:00:00,1.52,14.81,161.0
2022-06-02 00:00:00,1.5,16.0,181.0
2022-06-02 03:00:00,1.6,16.0,184.0
2022-06-02 06:00:00,1.41,16.0,173.0
2022-06-02 09:00:00,1.25,14.81,173.0
2022-06-02 12:00:00,1.26,16.0,180.0
2022-06-02 15:00:00,1.32,14.81,172.0
2022-06-02 18:00:00,1.34,14.81,191.0
2022-06-02 21:00:00,1.36,12.9,193.0
2022-06-03 00:00:00,1.3,14.81,189.0
2022-06-03 03:00:00,1.15,14.81,178.0
2022-06-03 06:00:00,1.33,13.79,171.0
2022-06-03 09:00:00,1.17,11.43,16.0
2022-06-03 12:00:00,1.27,11.43,28.0
2022-06-03 15:00:00,1.3,10.0,15.0
2022-06-03 18:00:00,1.17,12.12,160.0
2022-06-03 21:00:00,1.27,12.9,166.0
2022-06-04 00:00:00,1.16,13.79,153.0
2022-06-04 03:00:00,1.1,10.0,8.0
2022-06-04 06:00:00,0.98,13.79,211.0
2022-06-04 09:00:00,0.95,12.9,158.0
2022-06-04 12:00:00,0.98,12.9,148.0
2022-06-04 15:00:00,1.06,12.12,162.0
2022-06-04 18:00:00,0.92,13.79,167.0
2022-06-04 21:00:00,0.92,12.9,195.0
2022-06-05 00:00:00,0.93,12.9,157.0
2022-06-05 03:00:00,0.84,11.43,214.0
2022-06-05 06:00:00,0.86,12.9,173.0
2022-06-05 09:00:00,0.87,10.81,237.0
2022-06-05 12:00:00,0.9,12.9,214.0
2022-06-05 15:00:00,1.04,12.9,280.0
2022-06-05 18:00:00,1.14,12.12,325.0
2022-06-05 21:00:00,1.24,12.12,334.0
2022-06-06 00:00:00,1.21,11.43,331.0
2022-06-06 03:00:00,1.21,11.43,312.0
2022-06-06 06:00:00,1.17,11.43,308.0
2022-06-06 09:00:00,1.18,10.81,317.0
2022-06-06 12:00:00,1.14,10.81,323.0
2022-06-06 15:00:00,1.2,10.81,316.0
2022-06-06 18:00:00,1.25,10.81,306.0
2022-06-06 21:00:00,1.28,10.0,316.0
2022-06-07 00:00:00,1.24,10.0,325.0
2022-06-07 03:00:00,1.18,10.0,323.0
2022-06-07 06:00:00,1.33,10.0,316.0
2022-06-07 09:00:00,1.18,10.81,323.0
2022-06-07 12:00:00,1.15,10.0,316.0
2022-06-07 15:00:00,1.23,9.09,331.0
2022-06-07 18:00:00,1.09,9.09,314.0
2022-06-07 21:00:00,1.05,10.0,317.0
2022-06-08 00:00:00,1.08,9.09,320.0
2022-06-08 03:00:00,0.98,9.09,318.0
2022-06-08 06:00:00,1.11,9.09,317.0
2022-06-08 09:00:00,1.07,10.81,162.0
2022-06-08 12:00:00,1.06,7.69,338.0
2022-06-08 15:00:00,1.07,9.09,319.0
2022-06-08 18:00:00,1.02,9.09,314.0
2022-06-08 21:00:00,1.02,10.0,136.0
2022-06-09 00:00:00,1.01,10.81,138.0
2022-06-09 03:00:00,1.08,12.12,164.0
2022-06-09 06:00:00,1.12,11.43,151.0
2022-06-09 09:00:00,1.15,12.9,170.0
2022-06-09 12:00:00,1.04,7.14,148.0
2022-06-09 15:00:00,0.97,11.43,160.0
2022-06-09 18:00:00,1.01,12.12,163.0
2022-06-09 21:00:00,0.99,7.69,153.0
2022-06-10 00:00:00,0.96,9.09,164.0
2022-06-10 03:00:00,1.09,10.0,150.0
2022-06-10 06:00:00,1.01,7.69,149.0
2022-06-10 09:00:00,1.13,7.69,125.0
2022-06-10 12:00:00,0.99,7.69,139.0
2022-06-10 15:00:00,1.09,7.69,15.0
2022-06-10 18:00:00,1.04,8.33,157.0
2022-06-10 21:00:00,0.98,7.14,324.0
2022-06-11 00:00:00,1.03,9.09,143.0
2022-06-11 03:00:00,1.07,9.09,126.0
2022-06-11 06:00:00,1.07,7.69,122.0
2022-06-11 09:00:00,1.05,7.69,106.0
2022-06-11 12:00:00,1.09,7.69,91.0
2022-06-11 15:00:00,1.07,7.14,354.0
2022-06-11 18:00:00,1.1,8.33,134.0
2022-06-11 21:00:00,1.09,8.33,38.0
2022-06-12 00:00:00,1.2,9.09,341.0
2022-06-12 03:00:00,1.15,8.33,11.0
2022-06-12 06:00:00,1.21,8.33,10.0
2022-06-12 09:00:00,1.41,7.69,0.0
2022-06-12 12:00:00,1.68,13.79,230.0
2022-06-12 15:00:00,1.62,5.88,110.0
2022-06-12 18:00:00,1.67,6.67,106.0
2022-06-12 21:00:00,1.88,12.9,305.0
2022-06-13 00:00:00,1.76,7.14,91.0
2022-06-13 03:00:00,1.87,7.69,102.0
2022-06-13 06:00:00,1.91,7.69,112.0
2022-06-13 09:00:00,1.91,7.14,116.0
2022-06-13 12:00:00,1.93,7.14,115.0
2022-06-13 15:00:00,1.74,7.14,104.0
2022-06-13 18:00:00,1.71,7.69,108.0
2022-06-13 21:00:00,1.66,7.69,114.0
2022-06-14 00:00:00,1.8,6.67,109.0
2022-06-14 03:00:00,1.73,10.81,322.0
2022-06-14 06:00:00,1.69,7.69,108.0
2022-06-14 09:00:00,1.84,8.33,114.0
2022-06-14 12:00:00,1.95,7.69,98.0
2022-06-14 15:00:00,1.74,7.14,106.0
2022-06-14 18:00:00,1.64,8.33,106.0
2022-06-14 21:00:00,1.61,7.69,112.0
2022-06-15 00:00:00,1.85,7.69,112.0
2022-06-15 03:00:00,1.93,8.33,103.0
2022-06-15 06:00:00,1.79,7.69,96.0
2022-06-15 09:00:00,1.75,7.69,109.0
2022-06-15 12:00:00,2.09,7.14,93.0
2022-06-15 15:00:00,2.2,6.25,86.0
2022-06-15 18:00:00,2.19,6.25,76.0
2022-06-15 21:00:00,2.2,6.67,81.0
2022-06-16 00:00:00,2.12,7.69,91.0
2022-06-16 03:00:00,2.1,8.33,88.0
2022-06-16 06:00:00,2.06,7.14,71.0
2022-06-16 09:00:00,2.1,7.69,92.0
2022-06-16 12:00:00,2.11,7.14,82.0
2022-06-16 15:00:00,2.14,7.14,89.0
2022-06-16 18:00:00,1.83,7.14,82.0
2022-06-16 21:00:00,2.05,7.14,78.0
2022-06-17 00:00:00,2.15,7.69,71.0
2022-06-17 03:00:00,2.26,8.33,65.0
2022-06-17 06:00:00,2.17,8.33,67.0
2022-06-17 09:00:00,1.95,8.33,75.0
2022-06-17 12:00:00,2.08,8.33,67.0
2022-06-17 15:00:00,1.97,8.33,91.0
2022-06-17 18:00:00,2.06,14.81,303.0
2022-06-17 21:00:00,1.76,8.33,82.0
2022-06-18 00:00:00,1.94,13.79,310.0
2022-06-18 03:00:00,2.02,8.33,84.0
2022-06-18 06:00:00,1.77,8.33,77.0
2022-06-18 09:00:00,1.62,8.33,84.0
2022-06-18 12:00:00,1.67,12.9,314.0
2022-06-18 15:00:00,1.7,8.33,82.0
2022-06-18 18:00:00,1.71,12.12,314.0
2022-06-18 21:00:00,1.61,12.12,287.0
2022-06-19 00:00:00,1.55,11.43,277.0
2022-06-19 03:00:00,1.64,8.33,83.0
2022-06-19 06:00:00,1.73,13.79,321.0
2022-06-19 09:00:00,2.14,12.9,332.0
2022-06-19 12:00:00,2.22,12.9,329.0
2022-06-19 15:00:00,2.31,12.9,328.0
2022-06-19 18:00:00,2.45,11.43,331.0
2022-06-19 21:00:00,2.08,12.12,328.0
2022-06-20 00:00:00,2.08,11.43,317.0
2022-06-20 03:00:00,1.86,10.81,317.0
2022-06-20 06:00:00,2.17,11.43,322.0
2022-06-20 09:00:00,2.06,12.12,316.0
2022-06-20 12:00:00,1.98,7.69,102.0
2022-06-20 15:00:00,1.85,11.43,342.0
2022-06-20 18:00:00,1.58,7.69,106.0
2022-06-20 21:00:00,1.67,10.81,335.0
2022-06-21 00:00:00,1.51,10.81,310.0
2022-06-21 03:00:00,1.6,10.81,296.0
2022-06-21 06:00:00,1.54,7.69,111.0
2022-06-21 09:00:00,1.52,8.33,101.0
2022-06-21 12:00:00,1.56,7.14,100.0
2022-06-21 15:00:00,1.46,8.33,85.0
2022-06-21 18:00:00,1.38,7.69,94.0
2022-06-21 21:00:00,1.38,7.14,109.0
2022-06-22 00:00:00,1.37,7.69,98.0
2022-06-22 03:00:00,1.29,9.09,357.0
2022-06-22 06:00:00,1.44,7.69,102.0
2022-06-22 09:00:00,1.47,7.69,84.0
2022-06-22 12:00:00,1.56,8.33,83.0
2022-06-22 15:00:00,1.51,8.33,90.0
2022-06-22 18:00:00,1.53,7.69,87.0
2022-06-22 21:00:00,1.68,8.33,85.0
2022-06-23 00:00:00,1.52,8.33,86.0
2022-06-23 03:00:00,1.51,9.09,81.0
2022-06-23 06:00:00,1.49,8.33,93.0
2022-06-23 09:00:00,1.59,7.69,93.0
2022-06-23 12:00:00,1.68,8.33,92.0
2022-06-23 15:00:00,1.53,8.33,94.0
2022-06-23 18:00:00,1.63,9.09,93.0
2022-06-23 21:00:00,1.72,9.09,98.0
2022-06-24 00:00:00,1.63,8.33,93.0
2022-06-24 03:00:00,1.41,9.09,93.0
2022-06-24 06:00:00,1.44,8.33,94.0
2022-06-24 09:00:00,1.51,9.09,109.0
2022-06-24 12:00:00,1.63,9.09,92.0
2022-06-24 15:00:00,1.77,8.33,89.0
2022-06-24 18:00:00,1.57,8.33,97.0
2022-06-24 21:00:00,1.58,9.09,91.0
2022-06-25 00:00:00,1.56,8.33,93.0
2022-06-25 03:00:00,1.48,7.69,82.0
2022-06-25 06:00:00,1.46,8.33,92.0
2022-06-25 09:00:00,1.59,8.33,94.0
2022-06-25 12:00:00,1.46,8.33,92.0
2022-06-25 15:00:00,1.26,6.67,64.0
2022-06-25 18:00:00,1.32,8.33,107.0
2022-06-25 21:00:00,1.28,8.33,98.0
2022-06-26 00:00:00,1.34,8.33,112.0
2022-06-26 03:00:00,1.21,8.33,91.0
2022-06-26 06:00:00,1.21,8.33,96.0
2022-06-26 09:00:00,1.13,8.33,93.0
2022-06-26 12:00:00,1.35,8.33,90.0
2022-06-26 15:00:00,1.24,10.81,92.0
2022-06-26 18:00:00,1.21,10.0,83.0
2022-06-26 21:00:00,1.31,17.39,149.0
2022-06-27 00:00:00,1.25,17.39,154.0
2022-06-27 03:00:00,1.29,17.39,182.0
2022-06-27 06:00:00,1.25,17.39,185.0
2022-06-27 09:00:00,1.29,16.0,187.0
2022-06-27 12:00:00,1.39,16.0,178.0
2022-06-27 15:00:00,1.36,16.0,155.0
2022-06-27 18:00:00,1.54,14.81,168.0
2022-06-27 21:00:00,1.76,16.0,154.0
2022-06-28 00:00:00,1.54,14.81,174.0
2022-06-28 03:00:00,1.58,10.0,49.0
2022-06-28 06:00:00,1.67,13.79,156.0
2022-06-28 09:00:00,1.66,13.79,168.0
2022-06-28 12:00:00,1.89,14.81,172.0
2022-06-28 15:00:00,1.7,14.81,155.0
2022-06-28 18:00:00,1.66,14.81,169.0
2022-06-28 21:00:00,1.75,13.79,168.0
2022-06-29 00:00:00,1.72,14.81,165.0
2022-06-29 03:00:00,1.78,13.79,183.0
2022-06-29 06:00:00,1.77,13.79,170.0
2022-06-29 09:00:00,1.78,14.81,154.0
2022-06-29 12:00:00,1.83,12.9,168.0
2022-06-29 15:00:00,1.97,14.81,170.0
2022-06-29 18:00:00,1.84,5.88,95.0
2022-06-29 21:00:00,1.87,14.81,155.0
2022-06-30 00:00:00,2.11,5.88,94.0
2022-06-30 03:00:00,1.95,6.67,93.0
2022-06-30 06:00:00,2.03,7.14,99.0
2022-06-30 09:00:00,2.15,7.14,89.0
2022-06-30 12:00:00,2.01,7.14,90.0
2022-06-30 15:00:00,2.2,7.14,95.0
2022-06-30 18:00:00,2.08,7.14,81.0
2022-06-30 21:00:00,2.02,7.14,96.0
2022-07-01 00:00:00,2.2,7.69,102.0
2022-07-01 03:00:00,2.16,7.69,112.0
2022-07-01 06:00:00,1.92,8.33,114.0
2022-07-01 09:00:00,2.11,14.81,160.0
2022-07-01 12:00:00,2.25,7.69,100.0
2022-07-01 15:00:00,2.31,7.69,94.0
2022-07-01 18:00:00,2.32,8.33,94.0
2022-07-01 21:00:00,2.38,8.33,110.0
2022-07-02 00:00:00,2.6,8.33,126.0
2022-07-02 03:00:00,2.27,7.69,109.0
2022-07-02 06:00:00,1.94,8.33,120.0
2022-07-02 09:00:00,2.2,8.33,107.0
2022-07-02 12:00:00,2.41,8.33,99.0
2022-07-02 15:00:00,2.6,7.69,94.0
2022-07-02 18:00:00,2.44,8.33,86.0
2022-07-02 21:00:00,2.23,8.33,85.0
2022-07-03 00:00:00,2.32,7.69,79.0
2022-07-03 03:00:00,2.71,7.69,102.0
2022-07-03 06:00:00,2.44,7.14,83.0
2022-07-03 09:00:00,2.6,8.33,89.0
2022-07-03 12:00:00,2.25,9.09,103.0
2022-07-03 15:00:00,2.59,9.09,114.0
2022-07-03 18:00:00,2.31,8.33,86.0
2022-07-03 21:00:00,2.14,8.33,93.0
2022-07-04 00:00:00,2.31,8.33,94.0
2022-07-04 03:00:00,2.51,8.33,101.0
2022-07-04 06:00:00,2.31,8.33,95.0
2022-07-04 09:00:00,2.24,7.69,91.0
2022-07-04 12:00:00,2.32,8.33,97.0
2022-07-04 15:00:00,2.2,7.14,93.0
2022-07-04 18:00:00,2.31,7.69,87.0
2022-07-04 21:00:00,2.41,9.09,98.0
2022-07-05 00:00:00,2.44,8.33,101.0
2022-07-05 03:00:00,2.49,7.69,101.0
2022-07-05 06:00:00,2.57,8.33,94.0
2022-07-05 09:00:00,2.1,8.33,88.0
2022-07-05 12:00:00,2.14,7.14,90.0
2022-07-05 15:00:00,2.06,7.69,92.0
2022-07-05 18:00:00,2.19,8.33,95.0
2022-07-05 21:00:00,2.21,8.33,91.0
2022-07-06 00:00:00,1.94,7.69,102.0
2022-07-06 03:00:00,2.06,8.33,97.0
2022-07-06 06:00:00,1.86,7.69,97.0
2022-07-06 09:00:00,1.93,7.69,83.0
2022-07-06 12:00:00,1.81,7.69,93.0
2022-07-06 15:00:00,1.99,8.33,96.0
2022-07-06 18:00:00,2.07,8.33,71.0
2022-07-06 21:00:00,-9999.0,-9999.0,-9999.0
2022-07-07 00:00:00,2.23,7.69,70.0
2022-07-07 03:00:00,2.05,7.69,62.0
2022-07-07 06:00:00,2.1,7.14,68.0
2022-07-07 09:00:00,1.97,7.69,68.0
2022-07-07 12:00:00,1.84,7.14,66.0
2022-07-07 15:00:00,1.91,7.14,82.0
2022-07-07 18:00:00,2.03,7.14,76.0
2022-07-07 21:00:00,1.86,7.14,79.0
2022-07-08 00:00:00,1.71,7.14,90.0
2022-07-08 03:00:00,1.58,7.14,81.0
2022-07-08 06:00:00,1.83,7.14,78.0
2022-07-08 09:00:00,1.83,6.67,62.0
2022-07-08 12:00:00,1.76,6.67,88.0
2022-07-08 15:00:00,1.73,7.14,98.0
2022-07-08 18:00:00,1.89,6.67,93.0
2022-07-08 21:00:00,1.72,6.67,94.0
2022-07-09 00:00:00,1.7,6.67,105.0
2022-07-09 03:00:00,1.8,6.67,103.0
2022-07-09 06:00:00,1.82,7.69,68.0
2022-07-09 09:00:00,1.97,7.14,65.0
2022-07-09 12:00:00,1.78,6.67,74.0
2022-07-09 15:00:00,1.87,7.14,71.0
2022-07-09 18:00:00,2.16,6.67,93.0
2022-07-09 21:00:00,2.05,7.14,78.0
2022-07-10 00:00:00,1.88,7.14,90.0
2022-07-10 03:00:00,1.86,6.67,79.0
2022-07-10 06:00:00,1.86,7.14,82.0
2022-07-10 09:00:00,2.14,7.14,96.0
2022-07-10 12:00:00,1.94,6.67,87.0
2022-07-10 15:00:00,1.89,7.14,97.0
2022-07-10 18:00:00,2.02,6.67,99.0
2022-07-10 21:00:00,2.05,6.67,107.0
2022-07-11 00:00:00,2.06,6.67,100.0
2022-07-11 03:00:00,2.1,7.69,116.0
2022-07-11 06:00:00,2.01,7.69,123.0
2022-07-11 09:00:00,1.88,7.14,100.0
2022-07-11 12:00:00,2.07,7.14,98.0
2022-07-11 15:00:00,1.84,7.69,115.0
2022-07-11 18:00:00,1.9,8.33,124.0
2022-07-11 21:00:00,1.83,6.67,82.0
2022-07-12 00:00:00,1.84,8.33,118.0
2022-07-12 03:00:00,1.79,7.69,103.0
2022-07-12 06:00:00,1.99,8.33,105.0
2022-07-12 09:00:00,1.9,6.67,91.0
2022-07-12 12:00:00,1.9,7.14,78.0
2022-07-12 15:00:00,1.86,7.69,83.0
2022-07-12 18:00:00,1.88,9.09,136.0
2022-07-12 21:00:00,1.78,9.09,124.0
2022-07-13 00:00:00,2.04,7.14,85.0
2022-07-13 03:00:00,1.85,9.09,116.0
2022-07-13 06:00:00,1.82,8.33,106.0
2022-07-13 09:00:00,1.9,8.33,102.0
2022-07-13 12:00:00,2.01,8.33,109.0
2022-07-13 15:00:00,1.94,7.14,100.0
2022-07-13 18:00:00,1.75,7.14,102.0
2022-07-13 21:00:00,2.19,8.33,106.0
2022-07-14 00:00:00,1.94,6.67,114.0
2022-07-14 03:00:00,2.14,7.69,106.0
2022-07-14 06:00:00,2.14,7.69,108.0
2022-07-14 09:00:00,2.17,7.69,86.0
2022-07-14 12:00:00,2.47,8.33,102.0
2022-07-14 15:00:00,2.25,8.33,92.0
2022-07-14 18:00:00,1.96,7.69,95.0
2022-07-14 21:00:00,2.17,9.09,104.0
2022-07-15 00:00:00,2.18,9.09,109.0
2022-07-15 03:00:00,2.21,7.69,101.0
2022-07-15 06:00:00,2.34,8.33,100.0
2022-07-15 09:00:00,2.24,7.69,101.0
2022-07-15 12:00:00,2.16,8.33,105.0
2022-07-15 15:00:00,2.18,8.33,102.0
2022-07-15 18:00:00,2.1,7.69,101.0
2022-07-15 21:00:00,2.01,7.69,99.0
2022-07-16 00:00:00,2.24,7.69,107.0
2022-07-16 03:00:00,2.21,7.69,88.0
2022-07-16 06:00:00,2.12,7.69,97.0
2022-07-16 09:00:00,2.08,7.69,89.0
2022-07-16 12:00:00,2.12,8.33,104.0
2022-07-16 15:00:00,2.21,7.69,96.0
2022-07-16 18:00:00,2.04,7.69,86.0
2022-07-16 21:00:00,1.83,7.69,104.0
2022-07-17 00:00:00,1.88,19.05,182.0
2022-07-17 03:00:00,2.32,21.05,171.0
2022-07-17 06:00:00,2.19,19.05,131.0
2022-07-17 09:00:00,2.31,19.05,154.0
2022-07-17 12:00:00,2.51,19.05,148.0
2022-07-17 15:00:00,2.81,19.05,163.0
2022-07-17 18:00:00,2.87,19.05,165.0
2022-07-17 21:00:00,2.7,19.05,158.0
2022-07-18 00:00:00,2.75,19.05,159.0
2022-07-18 03:00:00,3.02,19.05,157.0
2022-07-18 06:00:00,2.46,17.39,148.0
2022-07-18 09:00:00,2.43,17.39,157.0
2022-07-18 12:00:00,2.55,16.0,158.0
2022-07-18 15:00:00,2.72,17.39,157.0
2022-07-18 18:00:00,2.62,7.69,97.0
2022-07-18 21:00:00,2.41,17.39,154.0
2022-07-19 00:00:00,2.33,17.39,167.0
2022-07-19 03:00:00,2.34,17.39,161.0
2022-07-19 06:00:00,2.27,16.0,147.0
2022-07-19 09:00:00,2.26,13.79,155.0
2022-07-19 12:00:00,2.15,16.0,146.0
2022-07-19 15:00:00,2.22,16.0,169.0
2022-07-19 18:00:00,2.26,14.81,153.0
2022-07-19 21:00:00,2.33,16.0,154.0
2022-07-20 00:00:00,1.99,16.0,143.0
2022-07-20 03:00:00,1.8,14.81,154.0
2022-07-20 06:00:00,2.08,16.0,134.0
2022-07-20 09:00:00,1.81,7.14,85.0
2022-07-20 12:00:00,1.99,14.81,159.0
2022-07-20 15:00:00,2.04,7.14,95.0
2022-07-20 18:00:00,2.05,7.14,79.0
2022-07-20 21:00:00,1.94,7.14,69.0
2022-07-21 00:00:00,1.84,7.14,70.0
2022-07-21 03:00:00,1.78,7.69,95.0
2022-07-21 06:00:00,1.77,7.69,75.0
2022-07-21 09:00:00,1.67,7.14,78.0
2022-07-21 12:00:00,1.67,6.67,79.0
2022-07-21 15:00:00,1.89,7.14,84.0
2022-07-21 18:00:00,1.85,7.14,86.0
2022-07-21 21:00:00,1.84,7.14,96.0
2022-07-22 00:00:00,2.03,7.14,71.0
2022-07-22 03:00:00,1.91,7.69,80.0
2022-07-22 06:00:00,1.91,7.69,76.0
2022-07-22 09:00:00,1.72,7.69,86.0
2022-07-22 12:00:00,1.61,8.33,90.0
2022-07-22 15:00:00,1.75,7.14,92.0
2022-07-22 18:00:00,1.7,7.69,91.0
2022-07-22 21:00:00,1.75,7.69,94.0
2022-07-23 00:00:00,1.6,7.69,88.0
2022-07-23 03:00:00,1.66,7.69,88.0
2022-07-23 06:00:00,1.59,7.69,93.0
2022-07-23 09:00:00,1.58,6.67,76.0
2022-07-23 12:00:00,1.62,7.69,91.0
2022-07-23 15:00:00,1.55,7.69,102.0
2022-07-23 18:00:00,1.52,6.67,84.0
2022-07-23 21:00:00,1.6,7.69,106.0
2022-07-24 00:00:00,1.45,9.09,126.0
2022-07-24 03:00:00,1.4,6.67,93.0
2022-07-24 06:00:00,1.37,8.33,120.0
2022-07-24 09:00:00,1.53,13.79,82.0
2022-07-24 12:00:00,1.38,9.09,112.0
2022-07-24 15:00:00,1.33,9.09,110.0
2022-07-24 18:00:00,1.36,12.9,93.0
2022-07-24 21:00:00,1.35,8.33,121.0
2022-07-25 00:00:00,1.3,12.9,107.0
2022-07-25 03:00:00,1.38,7.14,118.0
2022-07-25 06:00:00,1.43,12.12,96.0
2022-07-25 09:00:00,1.51,11.43,114.0
2022-07-25 12:00:00,1.51,6.67,104.0
2022-07-25 15:00:00,1.48,5.88,114.0
2022-07-25 18:00:00,1.53,6.67,105.0
2022-07-25 21:00:00,1.5,7.14,115.0
2022-07-26 00:00:00,1.54,10.81,103.0
2022-07-26 03:00:00,1.49,7.14,111.0
2022-07-26 06:00:00,1.55,13.79,165.0
2022-07-26 09:00:00,1.56,13.79,151.0
2022-07-26 12:00:00,1.71,13.79,164.0
2022-07-26 15:00:00,1.81,13.79,161.0
2022-07-26 18:00:00,1.77,6.67,86.0
2022-07-26 21:00:00,1.79,12.9,159.0
2022-07-27 00:00:00,1.85,12.9,141.0
2022-07-27 03:00:00,1.73,7.14,92.0
2022-07-27 06:00:00,1.83,7.14,97.0
2022-07-27 09:00:00,1.88,6.67,101.0
2022-07-27 12:00:00,1.95,7.14,96.0
2022-07-27 15:00:00,1.66,7.69,103.0
2022-07-27 18:00:00,1.66,7.69,113.0
2022-07-27 21:00:00,1.75,7.14,105.0
2022-07-28 00:00:00,1.75,7.69,107.0
2022-07-28 03:00:00,1.62,7.69,99.0
2022-07-28 06:00:00,1.55,7.69,96.0
2022-07-28 09:00:00,1.77,8.33,103.0
2022-07-28 12:00:00,1.8,8.33,104.0
2022-07-28 15:00:00,1.77,6.67,92.0
2022-07-28 18:00:00,1.55,7.69,103.0
2022-07-28 21:00:00,1.49,7.14,88.0
2022-07-29 00:00:00,1.61,7.69,85.0
2022-07-29 03:00:00,1.5,6.67,76.0
2022-07-29 06:00:00,1.4,7.69,81.0
2022-07-29 09:00:00,1.46,8.33,81.0
2022-07-29 12:00:00,1.53,14.81,157.0
2022-07-29 15:00:00,1.5,14.81,143.0
2022-07-29 18:00:00,1.4,7.69,81.0
2022-07-29 21:00:00,1.44,14.81,147.0
2022-07-30 00:00:00,1.51,13.79,154.0
2022-07-30 03:00:00,1.41,14.81,167.0
2022-07-30 06:00:00,1.35,16.0,150.0
2022-07-30 09:00:00,1.37,16.0,132.0
2022-07-30 12:00:00,1.39,14.81,164.0
2022-07-30 15:00:00,1.37,14.81,157.0
2022-07-30 18:00:00,1.31,14.81,149.0
2022-07-30 21:00:00,1.37,14.81,165.0
2022-07-31 00:00:00,1.45,13.79,165.0
2022-07-31 03:00:00,1.3,13.79,182.0
2022-07-31 06:00:00,1.21,12.9,162.0
2022-07-31 09:00:00,1.15,13.79,148.0
2022-07-31 12:00:00,1.26,14.81,171.0
2022-07-31 15:00:00,1.37,13.79,179.0
2022-07-31 18:00:00,1.61,5.26,121.0
2022-07-31 21:00:00,1.77,6.25,111.0
2022-08-01 00:00:00,1.99,7.14,104.0
2022-08-01 03:00:00,1.93,6.67,115.0
2022-08-01 06:00:00,1.77,7.14,111.0
2022-08-01 09:00:00,1.74,6.67,92.0
2022-08-01 12:00:00,2.16,7.69,105.0
2022-08-01 15:00:00,2.07,6.67,88.0
2022-08-01 18:00:00,2.16,7.69,103.0
2022-08-01 21:00:00,1.93,7.69,93.0
2022-08-02 00:00:00,2.09,7.69,95.0
2022-08-02 03:00:00,2.2,7.69,83.0
2022-08-02 06:00:00,2.23,8.33,80.0
2022-08-02 09:00:00,2.38,8.33,79.0
2022-08-02 12:00:00,2.69,8.33,78.0
2022-08-02 15:00:00,2.45,9.09,73.0
2022-08-02 18:00:00,2.46,9.09,73.0
2022-08-02 21:00:00,2.26,8.33,78.0
2022-08-03 00:00:00,2.14,8.33,77.0
2022-08-03 03:00:00,2.3,8.33,74.0
2022-08-03 06:00:00,2.22,9.09,60.0
2022-08-03 09:00:00,2.13,9.09,58.0
2022-08-03 12:00:00,2.23,9.09,65.0
2022-08-03 15:00:00,2.44,9.09,61.0
2022-08-03 18:00:00,2.44,9.09,57.0
2022-08-03 21:00:00,2.21,9.09,64.0
2022-08-04 00:00:00,2.06,9.09,61.0
2022-08-04 03:00:00,1.99,8.33,70.0
2022-08-04 06:00:00,1.95,9.09,57.0
2022-08-04 09:00:00,-9999.0,-9999.0,-9999.0
2022-08-04 12:00:00,1.75,8.33,61.0
2022-08-04 15:00:00,1.73,9.09,53.0
2022-08-04 18:00:00,1.61,7.69,71.0
2022-08-04 21:00:00,1.59,8.33,57.0
2022-08-05 00:00:00,1.54,9.09,61.0
2022-08-05 03:00:00,1.63,8.33,58.0
2022-08-05 06:00:00,1.64,8.33,49.0
2022-08-05 09:00:00,1.58,9.09,61.0
2022-08-05 12:00:00,1.51,9.09,62.0
2022-08-05 15:00:00,1.58,9.09,63.0
2022-08-05 18:00:00,1.46,9.09,45.0
2022-08-05 21:00:00,1.39,9.09,49.0
2022-08-06 00:00:00,1.47,8.33,47.0
2022-08-06 03:00:00,1.5,8.33,47.0
2022-08-06 06:00:00,1.56,8.33,42.0
2022-08-06 09:00:00,1.52,8.33,53.0
2022-08-06 12:00:00,1.54,8.33,46.0
2022-08-06 15:00:00,1.46,9.09,71.0
2022-08-06 18:00:00,1.44,9.09,69.0
2022-08-06 21:00:00,1.27,9.09,89.0
2022-08-07 00:00:00,1.36,9.09,102.0
2022-08-07 03:00:00,1.29,8.33,63.0
2022-08-07 06:00:00,1.39,8.33,50.0
2022-08-07 09:00:00,1.33,10.81,81.0
2022-08-07 12:00:00,1.25,7.69,45.0
2022-08-07 15:00:00,1.25,8.33,63.0
2022-08-07 18:00:00,1.22,10.0,95.0
2022-08-07 21:00:00,1.23,9.09,77.0
2022-08-08 00:00:00,1.2,9.09,68.0
2022-08-08 03:00:00,1.34,10.0,119.0
2022-08-08 06:00:00,1.4,8.33,56.0
2022-08-08 09:00:00,1.36,8.33,113.0
2022-08-08 12:00:00,1.49,7.69,117.0
2022-08-08 15:00:00,1.42,9.09,105.0
2022-08-08 18:00:00,1.48,6.67,115.0
2022-08-08 21:00:00,-9999.0,-9999.0,-9999.0
2022-08-09 00:00:00,1.32,8.33,86.0
2022-08-09 03:00:00,1.33,8.33,129.0
2022-08-09 06:00:00,-9999.0,-9999.0,-9999.0
2022-08-09 09:00:00,-9999.0,-9999.0,-9999.0
2022-08-09 12:00:00,1.44,6.67,127.0
2022-08-09 15:00:00,-9999.0,-9999.0,-9999.0
2022-08-09 18:00:00,1.52,8.33,132.0
2022-08-09 21:00:00,1.59,7.14,131.0
2022-08-10 00:00:00,1.61,5.88,118.0
2022-08-10 03:00:00,-9999.0,-9999.0,-9999.0
2022-08-10 06:00:00,-9999.0,-9999.0,-9999.0
2022-08-10 09:00:00,-9999.0,-9999.0,-9999.0
2022-08-10 12:00:00,-9999.0,-9999.0,-9999.0
2022-08-10 15:00:00,1.54,8.33,122.0
2022-08-10 18:00:00,1.78,7.69,108.0
2022-08-10 21:00:00,1.93,7.14,112.0
2022-08-11 00:00:00,1.92,8.33,131.0
2022-08-11 03:00:00,1.86,7.69,113.0
2022-08-11 06:00:00,1.71,7.69,118.0
2022-08-11 09:00:00,1.88,7.69,111.0
2022-08-11 12:00:00,1.85,7.69,106.0
2022-08-11 15:00:00,1.99,7.14,106.0
2022-08-11 18:00:00,1.9,7.69,114.0
2022-08-11 21:00:00,1.9,8.33,114.0
2022-08-12 00:00:00,1.84,7.14,99.0
2022-08-12 03:00:00,1.85,6.67,103.0
2022-08-12 06:00:00,1.98,7.69,104.0
2022-08-12 09:00:00,1.98,6.67,106.0
2022-08-12 12:00:00,1.83,6.67,100.0
2022-08-12 15:00:00,1.94,9.09,114.0
2022-08-12 18:00:00,-9999.0,-9999.0,-9999.0
2022-08-12 21:00:00,-9999.0,-9999.0,-9999.0
2022-08-13 00:00:00,-9999.0,-9999.0,-9999.0
2022-08-13 03:00:00,1.73,9.09,114.0
2022-08-13 06:00:00,-9999.0,-9999.0,-9999.0
2022-08-13 09:00:00,1.5,8.33,115.0
2022-08-13 12:00:00,1.53,6.67,93.0
2022-08-13 15:00:00,1.54,9.09,102.0
2022-08-13 18:00:00,-9999.0,-9999.0,-9999.0
2022-08-13 21:00:00,1.45,8.33,94.0
2022-08-14 00:00:00,1.51,8.33,101.0
2022-08-14 03:00:00,1.46,12.9,124.0
2022-08-14 06:00:00,1.51,8.33,89.0
2022-08-14 09:00:00,1.39,9.09,85.0
2022-08-14 12:00:00,1.37,7.69,98.0
2022-08-14 15:00:00,1.49,12.12,157.0
2022-08-14 18:00:00,-9999.0,-9999.0,-9999.0
2022-08-14 21:00:00,-9999.0,-9999.0,-9999.0
2022-08-15 00:00:00,1.55,12.12,150.0
2022-08-15 03:00:00,1.49,8.33,102.0
2022-08-15 06:00:00,1.55,12.12,159.0
2022-08-15 09:00:00,1.39,7.14,78.0
2022-08-15 12:00:00,-9999.0,-9999.0,-9999.0
2022-08-15 15:00:00,1.47,10.0,15.0
2022-08-15 18:00:00,1.47,7.14,103.0
2022-08-15 21:00:00,1.42,8.33,105.0
2022-08-16 00:00:00,1.35,10.0,29.0
2022-08-16 03:00:00,1.38,10.0,51.0
2022-08-16 06:00:00,1.32,8.33,112.0
2022-08-16 09:00:00,1.3,9.09,64.0
2022-08-16 12:00:00,1.22,8.33,103.0
2022-08-16 15:00:00,-9999.0,-9999.0,-9999.0
2022-08-16 18:00:00,1.22,6.67,84.0
2022-08-16 21:00:00,1.11,8.33,84.0
2022-08-17 00:00:00,1.11,9.09,137.0
2022-08-17 03:00:00,1.12,9.09,87.0
2022-08-17 06:00:00,1.17,8.33,106.0
2022-08-17 09:00:00,1.02,8.33,108.0
2022-08-17 12:00:00,-9999.0,-9999.0,-9999.0
2022-08-17 15:00:00,0.98,8.33,109.0
2022-08-17 18:00:00,1.02,8.33,108.0
2022-08-17 21:00:00,0.94,7.69,74.0
2022-08-18 00:00:00,0.98,8.33,139.0
2022-08-18 03:00:00,0.98,8.33,129.0
2022-08-18 06:00:00,1.07,9.09,352.0
2022-08-18 09:00:00,1.06,8.33,33.0
2022-08-18 12:00:00,1.16,9.09,46.0
2022-08-18 15:00:00,1.14,7.69,56.0
2022-08-18 18:00:00,1.13,8.33,73.0
2022-08-18 21:00:00,1.1,8.33,82.0
2022-08-19 00:00:00,1.17,8.33,75.0
2022-08-19 03:00:00,1.24,7.69,82.0
2022-08-19 06:00:00,1.21,8.33,62.0
2022-08-19 09:00:00,1.2,8.33,7.0
2022-08-19 12:00:00,1.21,7.69,343.0
2022-08-19 15:00:00,1.27,7.69,51.0
2022-08-19 18:00:00,1.24,7.69,80.0
2022-08-19 21:00:00,1.07,7.69,28.0
2022-08-20 00:00:00,1.07,7.69,59.0
2022-08-20 03:00:00,1.16,7.69,126.0
2022-08-20 06:00:00,1.06,7.69,6.0
2022-08-20 09:00:00,1.15,9.09,115.0
2022-08-20 12:00:00,1.16,7.69,47.0
2022-08-20 15:00:00,1.15,9.09,98.0
2022-08-20 18:00:00,1.18,7.69,100.0
2022-08-20 21:00:00,1.22,8.33,98.0
2022-08-21 00:00:00,1.28,9.09,82.0
2022-08-21 03:00:00,1.28,8.33,10.0
2022-08-21 06:00:00,1.27,9.09,58.0
2022-08-21 09:00:00,1.31,10.0,131.0
2022-08-21 12:00:00,1.31,9.09,119.0
2022-08-21 15:00:00,1.39,9.09,67.0
2022-08-21 18:00:00,1.31,9.09,103.0
2022-08-21 21:00:00,1.48,8.33,67.0
2022-08-22 00:00:00,1.68,7.69,90.0
2022-08-22 03:00:00,1.42,11.43,184.0
2022-08-22 06:00:00,1.7,16.0,204.0
2022-08-22 09:00:00,1.62,12.12,189.0
2022-08-22 12:00:00,1.42,16.0,196.0
2022-08-22 15:00:00,1.6,16.0,179.0
2022-08-22 18:00:00,1.62,14.81,198.0
2022-08-22 21:00:00,1.74,13.79,295.0
2022-08-23 00:00:00,1.7,13.79,311.0
2022-08-23 03:00:00,1.58,13.79,296.0
2022-08-23 06:00:00,1.77,12.9,310.0
2022-08-23 09:00:00,1.77,12.12,307.0
2022-08-23 12:00:00,1.55,13.79,205.0
2022-08-23 15:00:00,1.51,12.12,298.0
2022-08-23 18:00:00,1.48,12.12,302.0
2022-08-23 21:00:00,1.62,11.43,318.0
2022-08-24 00:00:00,1.51,12.12,291.0
2022-08-24 03:00:00,1.5,11.43,328.0
2022-08-24 06:00:00,1.4,10.0,333.0
2022-08-24 09:00:00,1.61,12.12,196.0
2022-08-24 12:00:00,1.34,12.12,191.0
2022-08-24 15:00:00,1.45,12.12,179.0
2022-08-24 18:00:00,1.52,12.9,187.0
2022-08-24 21:00:00,1.4,12.12,183.0
2022-08-25 00:00:00,1.44,12.9,171.0
2022-08-25 03:00:00,1.36,13.79,186.0
2022-08-25 06:00:00,1.37,12.12,190.0
2022-08-25 09:00:00,1.45,10.81,198.0
2022-08-25 12:00:00,1.45,10.81,323.0
2022-08-25 15:00:00,1.31,10.0,352.0
2022-08-25 18:00:00,1.48,10.81,34.0
2022-08-25 21:00:00,1.3,11.43,318.0
2022-08-26 00:00:00,1.31,10.81,321.0
2022-08-26 03:00:00,1.34,10.81,5.0
2022-08-26 06:00:00,1.34,10.81,345.0
2022-08-26 09:00:00,1.3,10.81,351.0
2022-08-26 12:00:00,1.24,9.09,354.0
2022-08-26 15:00:00,1.29,8.33,77.0
2022-08-26 18:00:00,1.43,10.0,118.0
2022-08-26 21:00:00,1.36,10.81,157.0
2022-08-27 00:00:00,1.35,9.09,162.0
2022-08-27 03:00:00,1.35,5.56,119.0
2022-08-27 06:00:00,1.25,9.09,344.0
2022-08-27 09:00:00,1.21,5.88,118.0
2022-08-27 12:00:00,1.47,5.56,109.0
2022-08-27 15:00:00,1.33,5.88,112.0
2022-08-27 18:00:00,1.34,5.88,96.0
2022-08-27 21:00:00,1.37,6.25,116.0
2022-08-28 00:00:00,1.63,7.14,109.0
2022-08-28 03:00:00,-9999.0,-9999.0,-9999.0
2022-08-28 06:00:00,1.72,8.33,117.0
2022-08-28 09:00:00,2.04,8.33,110.0
2022-08-28 12:00:00,1.92,7.14,111.0
2022-08-28 15:00:00,1.97,7.69,100.0
2022-08-28 18:00:00,1.86,8.33,85.0
2022-08-28 21:00:00,1.9,7.69,93.0
2022-08-29 00:00:00,1.78,8.33,102.0
2022-08-29 03:00:00,1.76,8.33,99.0
2022-08-29 06:00:00,1.71,8.33,90.0
2022-08-29 09:00:00,1.71,8.33,97.0
2022-08-29 12:00:00,1.66,7.14,90.0
2022-08-29 15:00:00,1.61,8.33,84.0
2022-08-29 18:00:00,1.72,8.33,76.0
2022-08-29 21:00:00,1.6,8.33,78.0
2022-08-30 00:00:00,1.7,7.69,79.0
2022-08-30 03:00:00,1.74,8.33,78.0
2022-08-30 06:00:00,1.52,7.69,85.0
2022-08-30 09:00:00,1.61,8.33,86.0
2022-08-30 12:00:00,1.77,8.33,81.0
2022-08-30 15:00:00,1.67,9.09,75.0
2022-08-30 18:00:00,1.52,7.69,72.0
2022-08-30 21:00:00,1.42,8.33,69.0
2022-08-31 00:00:00,1.42,8.33,67.0
2022-08-31 03:00:00,1.44,7.69,67.0
2022-08-31 06:00:00,1.22,7.69,71.0
2022-08-31 09:00:00,1.1,8.33,67.0
2022-08-31 12:00:00,1.11,8.33,83.0
2022-08-31 15:00:00,1.16,7.69,84.0
2022-08-31 18:00:00,1.1,7.69,74.0
2022-08-31 21:00:00,0.99,7.69,73.0
2022-09-01 00:00:00,0.97,8.33,85.0
2022-09-01 03:00:00,0.99,7.14,85.0
2022-09-01 06:00:00,0.94,7.14,79.0
2022-09-01 09:00:00,0.86,7.69,81.0
2022-09-01 12:00:00,0.89,7.69,63.0
2022-09-01 15:00:00,1.1,7.14,1.0
2022-09-01 18:00:00,1.22,7.14,14.0
2022-09-01 21:00:00,1.26,7.69,13.0
2022-09-02 00:00:00,1.39,7.14,357.0
2022-09-02 03:00:00,1.46,7.69,10.0
2022-09-02 06:00:00,1.44,7.69,18.0
2022-09-02 09:00:00,1.31,9.09,6.0
2022-09-02 12:00:00,-9999.0,-9999.0,-9999.0
2022-09-02 15:00:00,1.35,8.33,24.0
2022-09-02 18:00:00,-9999.0,-9999.0,-9999.0
2022-09-02 21:00:00,-9999.0,-9999.0,-9999.0
2022-09-03 00:00:00,1.44,7.14,37.0
2022-09-03 03:00:00,1.69,6.67,33.0
2022-09-03 06:00:00,1.84,6.25,48.0
2022-09-03 09:00:00,1.76,7.14,26.0
2022-09-03 12:00:00,1.61,7.14,41.0
2022-09-03 15:00:00,1.48,7.14,59.0
2022-09-03 18:00:00,1.46,6.67,57.0
2022-09-03 21:00:00,1.47,6.25,54.0
2022-09-04 00:00:00,1.58,6.67,48.0
2022-09-04 03:00:00,1.56,6.67,48.0
2022-09-04 06:00:00,1.65,6.67,68.0
2022-09-04 09:00:00,1.63,6.25,54.0
2022-09-04 12:00:00,1.77,6.25,58.0
2022-09-04 15:00:00,1.91,7.14,62.0
2022-09-04 18:00:00,1.91,7.14,65.0
2022-09-04 21:00:00,1.73,10.81,33.0
2022-09-05 00:00:00,1.71,7.14,62.0
2022-09-05 03:00:00,1.85,6.67,52.0
2022-09-05 06:00:00,1.76,6.67,54.0
2022-09-05 09:00:00,1.78,7.14,69.0
2022-09-05 12:00:00,1.73,7.69,67.0
2022-09-05 15:00:00,1.72,7.14,64.0
2022-09-05 18:00:00,-9999.0,-9999.0,-9999.0
2022-09-05 21:00:00,-9999.0,-9999.0,-9999.0
2022-09-06 00:00:00,1.68,7.14,63.0
2022-09-06 03:00:00,1.51,7.69,63.0
2022-09-06 06:00:00,1.51,7.14,57.0
2022-09-06 09:00:00,1.41,6.67,62.0
2022-09-06 12:00:00,1.48,7.14,73.0
2022-09-06 15:00:00,1.44,6.67,78.0
2022-09-06 18:00:00,1.44,6.67,73.0
2022-09-06 21:00:00,1.38,5.88,84.0
2022-09-07 00:00:00,1.36,6.25,74.0
2022-09-07 03:00:00,1.28,6.25,81.0
2022-09-07 06:00:00,1.49,9.09,123.0
2022-09-07 09:00:00,1.5,7.69,109.0
2022-09-07 12:00:00,1.48,6.25,85.0
2022-09-07 15:00:00,1.53,6.25,95.0
2022-09-07 18:00:00,1.46,6.67,94.0
2022-09-07 21:00:00,1.52,7.69,117.0
2022-09-08 00:00:00,1.63,8.33,93.0
2022-09-08 03:00:00,1.72,6.67,110.0
2022-09-08 06:00:00,1.61,11.43,340.0
2022-09-08 09:00:00,1.68,7.69,101.0
2022-09-08 12:00:00,1.8,9.09,80.0
2022-09-08 15:00:00,1.78,7.14,88.0
2022-09-08 18:00:00,1.65,8.33,79.0
2022-09-08 21:00:00,1.76,8.33,85.0
2022-09-09 00:00:00,1.61,9.09,71.0
2022-09-09 03:00:00,1.59,9.09,64.0
2022-09-09 06:00:00,1.47,8.33,72.0
2022-09-09 09:00:00,1.66,8.33,82.0
2022-09-09 12:00:00,1.69,9.09,71.0
2022-09-09 15:00:00,1.68,7.14,80.0
2022-09-09 18:00:00,1.51,9.09,79.0
2022-09-09 21:00:00,1.59,7.69,81.0
2022-09-10 00:00:00,1.82,7.14,82.0
2022-09-10 03:00:00,1.84,7.14,79.0
2022-09-10 06:00:00,1.72,6.67,82.0
2022-09-10 09:00:00,1.55,7.69,88.0
2022-09-10 12:00:00,1.72,6.25,83.0
2022-09-10 15:00:00,1.67,9.09,91.0
2022-09-10 18:00:00,1.59,7.69,71.0
2022-09-10 21:00:00,1.66,13.79,244.0
2022-09-11 00:00:00,1.48,9.09,72.0
2022-09-11 03:00:00,1.55,6.67,80.0
2022-09-11 06:00:00,1.49,9.09,80.0
2022-09-11 09:00:00,1.36,9.09,81.0
2022-09-11 12:00:00,1.47,9.09,76.0
2022-09-11 15:00:00,1.43,10.0,344.0
2022-09-11 18:00:00,1.3,10.81,334.0
2022-09-11 21:00:00,1.38,16.0,141.0
2022-09-12 00:00:00,1.33,14.81,82.0
2022-09-12 03:00:00,1.4,14.81,134.0
2022-09-12 06:00:00,1.46,17.39,121.0
2022-09-12 09:00:00,1.51,14.81,228.0
2022-09-12 12:00:00,1.55,14.81,45.0
2022-09-12 15:00:00,1.6,13.79,81.0
2022-09-12 18:00:00,1.68,14.81,88.0
2022-09-12 21:00:00,1.67,13.79,109.0
2022-09-13 00:00:00,1.72,13.79,151.0
2022-09-13 03:00:00,1.74,11.43,57.0
2022-09-13 06:00:00,1.7,10.81,48.0
2022-09-13 09:00:00,1.64,14.81,98.0
2022-09-13 12:00:00,1.65,10.81,72.0
2022-09-13 15:00:00,1.59,11.43,68.0
2022-09-13 18:00:00,1.37,14.81,201.0
2022-09-13 21:00:00,1.61,10.0,66.0
2022-09-14 00:00:00,1.68,11.43,119.0
2022-09-14 03:00:00,1.69,10.0,45.0
2022-09-14 06:00:00,1.78,10.0,44.0
2022-09-14 09:00:00,1.5,12.12,71.0
2022-09-14 12:00:00,1.33,10.81,101.0
2022-09-14 15:00:00,1.43,10.0,86.0
2022-09-14 18:00:00,1.34,10.0,40.0
2022-09-14 21:00:00,1.42,9.09,25.0
2022-09-15 00:00:00,1.45,11.43,127.0
2022-09-15 03:00:00,1.45,9.09,32.0
2022-09-15 06:00:00,1.43,12.12,139.0
2022-09-15 09:00:00,1.32,12.12,136.0
2022-09-15 12:00:00,-9999.0,-9999.0,-9999.0
2022-09-15 15:00:00,1.19,12.9,167.0
2022-09-15 18:00:00,1.02,12.9,139.0
2022-09-15 21:00:00,1.25,10.81,121.0
2022-09-16 00:00:00,1.31,12.12,151.0
2022-09-16 03:00:00,1.1,12.9,152.0
2022-09-16 06:00:00,1.07,11.43,146.0
2022-09-16 09:00:00,0.99,11.43,145.0
2022-09-16 12:00:00,0.99,10.0,113.0
2022-09-16 15:00:00,0.94,11.43,125.0
2022-09-16 18:00:00,0.99,10.0,33.0
2022-09-16 21:00:00,1.21,10.0,23.0
2022-09-17 00:00:00,1.35,9.09,341.0
2022-09-17 03:00:00,1.36,8.33,336.0
2022-09-17 06:00:00,1.41,8.33,347.0
2022-09-17 09:00:00,1.43,10.0,356.0
2022-09-17 12:00:00,1.45,10.0,23.0
2022-09-17 15:00:00,1.41,10.0,14.0
2022-09-17 18:00:00,1.41,10.0,12.0
2022-09-17 21:00:00,1.53,10.0,6.0
2022-09-18 00:00:00,1.5,9.09,17.0
2022-09-18 03:00:00,1.62,10.0,9.0
2022-09-18 06:00:00,1.51,9.09,3.0
2022-09-18 09:00:00,1.64,12.12,17.0
2022-09-18 12:00:00,1.99,10.81,22.0
2022-09-18 15:00:00,1.85,10.81,18.0
2022-09-18 18:00:00,1.74,11.43,25.0
2022-09-18 21:00:00,1.67,10.81,47.0
2022-09-19 00:00:00,1.42,10.81,50.0
2022-09-19 03:00:00,1.54,10.81,35.0
2022-09-19 06:00:00,1.38,10.81,26.0
2022-09-19 09:00:00,1.44,12.12,313.0
2022-09-19 12:00:00,1.48,11.43,346.0
2022-09-19 15:00:00,1.41,10.0,31.0
2022-09-19 18:00:00,1.52,10.81,335.0
2022-09-19 21:00:00,1.58,13.79,346.0
2022-09-20 00:00:00,1.75,13.79,314.0
2022-09-20 03:00:00,1.61,12.9,319.0
2022-09-20 06:00:00,1.57,12.9,313.0
2022-09-20 09:00:00,1.68,12.9,333.0
2022-09-20 12:00:00,1.7,12.12,335.0
2022-09-20 15:00:00,1.58,11.43,339.0
2022-09-20 18:00:00,1.69,11.43,326.0
2022-09-20 21:00:00,1.71,11.43,339.0
2022-09-21 00:00:00,1.66,10.81,337.0
2022-09-21 03:00:00,1.61,11.43,308.0
2022-09-21 06:00:00,1.54,10.81,319.0
2022-09-21 09:00:00,1.58,7.69,103.0
2022-09-21 12:00:00,1.55,7.14,99.0
2022-09-21 15:00:00,1.6,12.12,359.0
2022-09-21 18:00:00,1.38,11.43,9.0
2022-09-21 21:00:00,1.34,10.81,344.0
2022-09-22 00:00:00,1.58,11.43,347.0
2022-09-22 03:00:00,1.47,10.81,326.0
2022-09-22 06:00:00,1.31,10.0,341.0
2022-09-22 09:00:00,1.33,11.43,344.0
2022-09-22 12:00:00,1.39,10.81,325.0
2022-09-22 15:00:00,1.22,10.0,356.0
2022-09-22 18:00:00,1.18,8.33,77.0
2022-09-22 21:00:00,1.18,16.0,211.0
2022-09-23 00:00:00,1.39,17.39,182.0
2022-09-23 03:00:00,1.31,17.39,165.0
2022-09-23 06:00:00,1.32,16.0,170.0
2022-09-23 09:00:00,1.46,16.0,146.0
2022-09-23 12:00:00,1.35,14.81,181.0
2022-09-23 15:00:00,1.24,16.0,156.0
2022-09-23 18:00:00,1.45,14.81,149.0
2022-09-23 21:00:00,1.68,10.81,335.0
2022-09-24 00:00:00,1.6,10.81,341.0
2022-09-24 03:00:00,1.75,13.79,105.0
2022-09-24 06:00:00,1.71,11.43,13.0
2022-09-24 09:00:00,1.7,11.43,4.0
2022-09-24 12:00:00,1.71,10.0,22.0
2022-09-24 15:00:00,1.63,9.09,16.0
2022-09-24 18:00:00,1.66,13.79,159.0
2022-09-24 21:00:00,1.5,16.0,136.0
2022-09-25 00:00:00,1.71,16.0,145.0
2022-09-25 03:00:00,1.65,14.81,158.0
2022-09-25 06:00:00,1.51,12.9,189.0
2022-09-25 09:00:00,1.47,16.0,173.0
2022-09-25 12:00:00,1.56,16.0,143.0
2022-09-25 15:00:00,1.58,16.0,162.0
2022-09-25 18:00:00,1.47,12.9,124.0
2022-09-25 21:00:00,1.5,14.81,149.0
2022-09-26 00:00:00,1.42,14.81,157.0
2022-09-26 03:00:00,1.38,14.81,164.0
2022-09-26 06:00:00,1.35,13.79,207.0
2022-09-26 09:00:00,1.22,13.79,137.0
2022-09-26 12:00:00,1.38,13.79,183.0
2022-09-26 15:00:00,1.29,14.81,156.0
2022-09-26 18:00:00,1.3,12.9,192.0
2022-09-26 21:00:00,1.22,7.69,136.0
2022-09-27 00:00:00,1.17,12.9,181.0
2022-09-27 03:00:00,1.21,12.12,197.0
2022-09-27 06:00:00,1.06,10.81,281.0
2022-09-27 09:00:00,1.11,11.43,163.0
2022-09-27 12:00:00,1.11,10.81,331.0
2022-09-27 15:00:00,1.17,9.09,2.0
2022-09-27 18:00:00,1.29,8.33,356.0
2022-09-27 21:00:00,1.31,7.69,53.0
2022-09-28 00:00:00,1.4,10.81,16.0
2022-09-28 03:00:00,1.36,11.43,14.0
2022-09-28 06:00:00,1.42,12.12,322.0
2022-09-28 09:00:00,1.4,10.81,341.0
2022-09-28 12:00:00,1.29,10.0,355.0
2022-09-28 15:00:00,1.36,10.0,4.0
2022-09-28 18:00:00,1.22,10.0,31.0
2022-09-28 21:00:00,1.31,10.0,89.0
2022-09-29 00:00:00,1.13,10.81,13.0
2022-09-29 03:00:00,1.3,10.0,355.0
2022-09-29 06:00:00,1.17,9.09,43.0
2022-09-29 09:00:00,1.24,9.09,31.0
2022-09-29 12:00:00,1.22,8.33,86.0
2022-09-29 15:00:00,1.2,7.69,87.0
2022-09-29 18:00:00,1.18,8.33,90.0
2022-09-29 21:00:00,1.24,9.09,93.0
2022-09-30 00:00:00,1.41,6.25,90.0
2022-09-30 03:00:00,1.43,6.25,88.0
2022-09-30 06:00:00,1.25,6.25,84.0
2022-09-30 09:00:00,1.28,10.0,141.0
2022-09-30 12:00:00,1.4,14.81,318.0
2022-09-30 15:00:00,1.44,13.79,340.0
2022-09-30 18:00:00,1.79,13.79,332.0
2022-09-30 21:00:00,1.73,12.9,349.0
2022-10-01 00:00:00,1.66,12.9,358.0
2022-10-01 03:00:00,1.71,12.9,333.0
2022-10-01 06:00:00,1.64,12.12,331.0
2022-10-01 09:00:00,1.35,12.12,333.0
2022-10-01 12:00:00,1.4,12.12,322.0
2022-10-01 15:00:00,1.61,10.81,344.0
2022-10-01 18:00:00,2.85,10.0,2.0
2022-10-01 21:00:00,2.67,10.0,358.0
2022-10-02 00:00:00,2.42,10.0,16.0
2022-10-02 03:00:00,2.55,9.09,27.0
2022-10-02 06:00:00,2.9,8.33,51.0
2022-10-02 09:00:00,2.94,9.09,37.0
2022-10-02 12:00:00,2.52,9.09,36.0
2022-10-02 15:00:00,2.58,7.69,52.0
2022-10-02 18:00:00,2.51,7.69,71.0
2022-10-02 21:00:00,2.35,8.33,62.0
2022-10-03 00:00:00,2.57,7.69,77.0
2022-10-03 03:00:00,2.31,8.33,59.0
2022-10-03 06:00:00,2.39,7.14,70.0
2022-10-03 09:00:00,2.1,7.69,31.0
2022-10-03 12:00:00,1.95,13.79,297.0
2022-10-03 15:00:00,2.08,13.79,246.0
2022-10-03 18:00:00,2.03,8.33,40.0
2022-10-03 21:00:00,1.96,9.09,37.0
2022-10-04 00:00:00,2.16,14.81,300.0
2022-10-04 03:00:00,1.94,14.81,341.0
2022-10-04 06:00:00,2.6,13.79,354.0
2022-10-04 09:00:00,2.89,13.79,8.0
2022-10-04 12:00:00,2.82,12.9,26.0
2022-10-04 15:00:00,2.89,12.9,7.0
2022-10-04 18:00:00,2.9,12.9,347.0
2022-10-04 21:00:00,2.54,12.9,25.0
2022-10-05 00:00:00,2.46,12.12,18.0
2022-10-05 03:00:00,2.16,12.12,16.0
2022-10-05 06:00:00,2.09,12.12,330.0
2022-10-05 09:00:00,2.05,11.43,8.0
2022-10-05 12:00:00,2.06,12.9,336.0
2022-10-05 15:00:00,2.0,11.43,313.0
2022-10-05 18:00:00,1.88,12.12,288.0
2022-10-05 21:00:00,1.69,10.81,346.0
2022-10-06 00:00:00,1.76,10.0,17.0
2022-10-06 03:00:00,1.61,10.0,358.0
2022-10-06 06:00:00,1.55,9.09,32.0
2022-10-06 09:00:00,1.48,9.09,18.0
2022-10-06 12:00:00,1.43,10.81,174.0
2022-10-06 15:00:00,1.43,11.43,240.0
2022-10-06 18:00:00,1.92,6.25,11.0
2022-10-06 21:00:00,2.09,7.69,10.0
2022-10-07 00:00:00,1.92,7.14,17.0
2022-10-07 03:00:00,1.92,9.09,16.0
2022-10-07 06:00:00,2.08,8.33,5.0
2022-10-07 09:00:00,1.96,8.33,9.0
2022-10-07 12:00:00,2.17,12.12,351.0
2022-10-07 15:00:00,2.45,11.43,358.0
2022-10-07 18:00:00,2.59,11.43,358.0
2022-10-07 21:00:00,2.57,13.79,18.0
2022-10-08 00:00:00,2.54,12.9,11.0
2022-10-08 03:00:00,2.42,12.9,6.0
2022-10-08 06:00:00,2.13,12.12,351.0
2022-10-08 09:00:00,2.32,11.43,350.0
2022-10-08 12:00:00,2.13,11.43,355.0
2022-10-08 15:00:00,2.38,11.43,352.0
2022-10-08 18:00:00,2.03,10.81,345.0
2022-10-08 21:00:00,1.97,10.81,354.0
2022-10-09 00:00:00,2.03,11.43,5.0
2022-10-09 03:00:00,2.03,11.43,2.0
2022-10-09 06:00:00,2.11,9.09,5.0
2022-10-09 09:00:00,2.32,10.0,6.0
2022-10-09 12:00:00,2.23,10.81,2.0
2022-10-09 15:00:00,2.34,10.0,8.0
2022-10-09 18:00:00,2.66,10.81,6.0
2022-10-09 21:00:00,2.54,12.12,16.0
2022-10-10 00:00:00,2.8,12.9,7.0
2022-10-10 03:00:00,2.93,12.9,19.0
2022-10-10 06:00:00,2.52,12.9,26.0
2022-10-10 09:00:00,3.32,13.79,16.0
2022-10-10 12:00:00,3.0,12.9,13.0
2022-10-10 15:00:00,2.92,12.9,18.0
2022-10-10 18:00:00,2.62,12.12,16.0
2022-10-10 21:00:00,3.06,12.12,18.0
2022-10-11 00:00:00,2.77,12.12,359.0
2022-10-11 03:00:00,2.47,12.12,16.0
2022-10-11 06:00:00,2.48,12.12,22.0
2022-10-11 09:00:00,2.64,12.12,12.0
2022-10-11 12:00:00,2.35,11.43,16.0
2022-10-11 15:00:00,2.0,10.81,10.0
2022-10-11 18:00:00,2.21,10.81,17.0
2022-10-11 21:00:00,2.14,10.81,13.0
2022-10-12 00:00:00,2.08,10.0,359.0
2022-10-12 03:00:00,2.25,10.81,1.0
2022-10-12 06:00:00,1.85,10.81,17.0
2022-10-12 09:00:00,1.9,10.81,13.0
2022-10-12 12:00:00,1.69,10.81,4.0
2022-10-12 15:00:00,1.58,9.09,11.0
2022-10-12 18:00:00,1.59,9.09,17.0
2022-10-12 21:00:00,1.45,8.33,357.0
2022-10-13 00:00:00,1.43,9.09,344.0
2022-10-13 03:00:00,1.41,9.09,1.0
2022-10-13 06:00:00,1.39,9.09,14.0
2022-10-13 09:00:00,1.48,9.09,35.0
2022-10-13 12:00:00,1.35,8.33,4.0
2022-10-13 15:00:00,1.5,9.09,7.0
2022-10-13 18:00:00,1.77,8.33,2.0
2022-10-13 21:00:00,2.04,8.33,348.0
2022-10-14 00:00:00,2.06,9.09,353.0
2022-10-14 03:00:00,2.12,9.09,357.0
2022-10-14 06:00:00,2.37,10.81,356.0
2022-10-14 09:00:00,2.93,10.81,352.0
2022-10-14 12:00:00,2.73,11.43,354.0
2022-10-14 15:00:00,2.74,12.12,350.0
2022-10-14 18:00:00,3.0,10.81,343.0
2022-10-14 21:00:00,3.02,12.9,352.0
2022-10-15 00:00:00,2.72,11.43,350.0
2022-10-15 03:00:00,2.5,11.43,5.0
2022-10-15 06:00:00,2.39,13.79,27.0
2022-10-15 09:00:00,2.23,10.81,14.0
2022-10-15 12:00:00,2.3,11.43,20.0
2022-10-15 15:00:00,2.15,10.81,17.0
2022-10-15 18:00:00,2.04,9.09,2.0
2022-10-15 21:00:00,2.06,12.9,9.0
2022-10-16 00:00:00,1.89,10.81,2.0
2022-10-16 03:00:00,1.75,12.12,8.0
2022-10-16 06:00:00,1.64,10.0,22.0
2022-10-16 09:00:00,1.63,10.81,28.0
2022-10-16 12:00:00,1.73,9.09,17.0
2022-10-16 15:00:00,1.82,16.0,327.0
2022-10-16 18:00:00,2.04,13.79,323.0
2022-10-16 21:00:00,2.54,14.81,329.0
2022-10-17 00:00:00,2.55,14.81,323.0
2022-10-17 03:00:00,2.5,14.81,315.0
2022-10-17 06:00:00,2.58,14.81,313.0
2022-10-17 09:00:00,2.44,12.9,317.0
2022-10-17 12:00:00,2.49,12.9,326.0
2022-10-17 15:00:00,2.49,12.9,321.0
2022-10-17 18:00:00,2.37,11.43,316.0
2022-10-17 21:00:00,2.2,12.9,321.0
2022-10-18 00:00:00,1.84,12.9,325.0
2022-10-18 03:00:00,1.55,10.81,310.0
2022-10-18 06:00:00,1.68,12.9,316.0
2022-10-18 09:00:00,1.57,11.43,313.0
2022-10-18 12:00:00,1.43,11.43,306.0
2022-10-18 15:00:00,1.29,10.0,314.0
2022-10-18 18:00:00,1.38,8.33,130.0
2022-10-18 21:00:00,1.25,11.43,312.0
2022-10-19 00:00:00,1.54,10.81,312.0
2022-10-19 03:00:00,1.56,10.81,341.0
2022-10-19 06:00:00,2.29,6.25,350.0
2022-10-19 09:00:00,2.81,7.69,341.0
2022-10-19 12:00:00,3.17,8.33,342.0
2022-10-19 15:00:00,3.01,10.0,345.0
2022-10-19 18:00:00,3.2,10.0,338.0
2022-10-19 21:00:00,3.42,10.81,349.0
2022-10-20 00:00:00,3.35,9.09,355.0
2022-10-20 03:00:00,3.49,10.81,350.0
2022-10-20 06:00:00,3.84,11.43,346.0
2022-10-20 09:00:00,3.84,12.12,338.0
2022-10-20 12:00:00,3.55,12.12,347.0
2022-10-20 15:00:00,3.34,11.43,340.0
2022-10-20 18:00:00,3.62,12.12,355.0
2022-10-20 21:00:00,3.8,12.9,359.0
2022-10-21 00:00:00,4.16,12.12,0.0
2022-10-21 03:00:00,3.71,13.79,13.0
2022-10-21 06:00:00,3.45,13.79,12.0
2022-10-21 09:00:00,3.27,12.9,1.0
2022-10-21 12:00:00,3.1,10.81,338.0
2022-10-21 15:00:00,2.69,13.79,349.0
2022-10-21 18:00:00,2.7,13.79,347.0
2022-10-21 21:00:00,2.42,13.79,353.0
2022-10-22 00:00:00,2.26,12.12,353.0
2022-10-22 03:00:00,2.14,12.9,18.0
2022-10-22 06:00:00,1.82,12.9,2.0
2022-10-22 09:00:00,1.87,12.12,10.0
2022-10-22 12:00:00,1.95,10.81,5.0
2022-10-22 15:00:00,1.88,10.81,358.0
2022-10-22 18:00:00,1.79,10.81,4.0
2022-10-22 21:00:00,1.59,11.43,345.0
2022-10-23 00:00:00,1.6,14.81,199.0
2022-10-23 03:00:00,1.64,10.81,6.0
2022-10-23 06:00:00,1.53,7.14,69.0
2022-10-23 09:00:00,1.71,14.81,195.0
2022-10-23 12:00:00,1.98,8.33,81.0
2022-10-23 15:00:00,1.9,8.33,98.0
2022-10-23 18:00:00,1.92,8.33,110.0
2022-10-23 21:00:00,1.87,8.33,107.0
2022-10-24 00:00:00,1.76,8.33,124.0
2022-10-24 03:00:00,1.68,8.33,105.0
2022-10-24 06:00:00,1.74,7.69,105.0
2022-10-24 09:00:00,1.73,8.33,100.0
2022-10-24 12:00:00,1.73,8.33,108.0
2022-10-24 15:00:00,1.78,7.69,106.0
2022-10-24 18:00:00,1.79,9.09,112.0
2022-10-24 21:00:00,1.95,8.33,113.0
2022-10-25 00:00:00,2.02,8.33,111.0
2022-10-25 03:00:00,1.83,7.69,104.0
2022-10-25 06:00:00,1.86,8.33,102.0
2022-10-25 09:00:00,2.18,8.33,114.0
2022-10-25 12:00:00,2.23,10.81,311.0
2022-10-25 15:00:00,2.47,8.33,101.0
2022-10-25 18:00:00,2.28,11.43,343.0
2022-10-25 21:00:00,2.58,10.81,352.0
2022-10-26 00:00:00,2.74,8.33,102.0
2022-10-26 03:00:00,2.72,7.14,103.0
2022-10-26 06:00:00,2.41,8.33,95.0
2022-10-26 09:00:00,2.32,8.33,106.0
2022-10-26 12:00:00,2.48,8.33,94.0
2022-10-26 15:00:00,2.41,8.33,92.0
2022-10-26 18:00:00,2.3,8.33,94.0
2022-10-26 21:00:00,2.34,9.09,81.0
2022-10-27 00:00:00,2.52,7.69,78.0
2022-10-27 03:00:00,2.44,8.33,73.0
2022-10-27 06:00:00,2.11,7.69,86.0
2022-10-27 09:00:00,2.17,8.33,94.0
2022-10-27 12:00:00,2.32,8.33,67.0
2022-10-27 15:00:00,2.38,9.09,70.0
2022-10-27 18:00:00,2.25,8.33,71.0
2022-10-27 21:00:00,2.34,8.33,79.0
2022-10-28 00:00:00,2.36,8.33,70.0
2022-10-28 03:00:00,2.35,8.33,67.0
2022-10-28 06:00:00,2.17,9.09,66.0
2022-10-28 09:00:00,2.12,8.33,72.0
2022-10-28 12:00:00,2.04,7.14,70.0
2022-10-28 15:00:00,2.23,6.67,54.0
2022-10-28 18:00:00,2.11,7.14,72.0
2022-10-28 21:00:00,1.8,6.67,69.0
2022-10-29 00:00:00,2.07,8.33,69.0
2022-10-29 03:00:00,2.13,7.14,63.0
2022-10-29 06:00:00,2.06,8.33,78.0
2022-10-29 09:00:00,1.94,7.69,69.0
2022-10-29 12:00:00,2.05,7.69,72.0
2022-10-29 15:00:00,1.97,6.67,71.0
2022-10-29 18:00:00,1.98,7.69,62.0
2022-10-29 21:00:00,1.84,7.14,61.0
2022-10-30 00:00:00,2.07,7.14,73.0
2022-10-30 03:00:00,2.04,7.69,70.0
2022-10-30 06:00:00,1.92,7.14,61.0
2022-10-30 09:00:00,2.0,9.09,59.0
2022-10-30 12:00:00,2.17,8.33,42.0
2022-10-30 15:00:00,2.1,8.33,46.0
2022-10-30 18:00:00,2.03,7.69,75.0
2022-10-30 21:00:00,1.79,7.14,60.0
2022-10-31 00:00:00,1.81,7.69,63.0
2022-10-31 03:00:00,1.73,7.69,76.0
2022-10-31 06:00:00,1.92,7.69,61.0
2022-10-31 09:00:00,1.89,9.09,52.0
2022-10-31 12:00:00,1.89,6.67,77.0
2022-10-31 15:00:00,1.97,7.69,68.0
2022-10-31 18:00:00,2.14,7.14,75.0
2022-10-31 21:00:00,2.04,7.69,68.0
2022-11-01 00:00:00,1.9,7.69,68.0
2022-11-01 03:00:00,1.94,12.9,192.0
2022-11-01 06:00:00,1.84,12.9,122.0
2022-11-01 09:00:00,1.86,6.67,71.0
2022-11-01 12:00:00,1.9,6.25,62.0
2022-11-01 15:00:00,1.84,7.14,83.0
2022-11-01 18:00:00,2.09,7.14,68.0
2022-11-01 21:00:00,1.91,6.67,83.0
2022-11-02 00:00:00,2.16,7.69,68.0
2022-11-02 03:00:00,2.14,7.69,66.0
2022-11-02 06:00:00,2.18,7.69,49.0
2022-11-02 09:00:00,2.06,7.14,76.0
2022-11-02 12:00:00,1.99,7.69,79.0
2022-11-02 15:00:00,2.12,7.69,68.0
2022-11-02 18:00:00,2.15,8.33,83.0
2022-11-02 21:00:00,2.25,8.33,74.0
2022-11-03 00:00:00,2.36,8.33,85.0
2022-11-03 03:00:00,2.41,9.09,71.0
2022-11-03 06:00:00,2.66,9.09,70.0
2022-11-03 09:00:00,2.36,9.09,77.0
2022-11-03 12:00:00,2.2,9.09,74.0
2022-11-03 15:00:00,2.39,9.09,77.0
2022-11-03 18:00:00,2.3,9.09,80.0
2022-11-03 21:00:00,2.27,9.09,77.0
2022-11-04 00:00:00,2.28,9.09,90.0
2022-11-04 03:00:00,2.21,8.33,83.0
2022-11-04 06:00:00,2.38,9.09,79.0
2022-11-04 09:00:00,2.5,9.09,77.0
2022-11-04 12:00:00,2.41,9.09,81.0
2022-11-04 15:00:00,2.2,8.33,88.0
2022-11-04 18:00:00,2.25,9.09,83.0
2022-11-04 21:00:00,2.28,9.09,90.0
2022-11-05 00:00:00,2.27,9.09,92.0
2022-11-05 03:00:00,2.5,9.09,88.0
2022-11-05 06:00:00,2.41,9.09,95.0
2022-11-05 09:00:00,2.34,10.0,78.0
2022-11-05 12:00:00,2.39,10.0,93.0
2022-11-05 15:00:00,2.24,10.81,95.0
2022-11-05 18:00:00,2.6,10.0,110.0
2022-11-05 21:00:00,2.56,10.81,124.0
2022-11-06 00:00:00,2.82,10.0,105.0
2022-11-06 03:00:00,2.58,10.0,97.0
2022-11-06 06:00:00,2.38,10.0,109.0
2022-11-06 09:00:00,2.46,10.0,107.0
2022-11-06 12:00:00,2.63,10.0,111.0
2022-11-06 15:00:00,2.48,10.0,103.0
2022-11-06 18:00:00,2.32,10.0,106.0
2022-11-06 21:00:00,2.33,10.0,118.0
2022-11-07 00:00:00,2.26,9.09,102.0
2022-11-07 03:00:00,2.28,9.09,95.0
2022-11-07 06:00:00,2.3,10.0,95.0
2022-11-07 09:00:00,2.23,10.0,103.0
2022-11-07 12:00:00,2.25,9.09,104.0
2022-11-07 15:00:00,2.12,10.0,103.0
2022-11-07 18:00:00,2.0,10.0,104.0
2022-11-07 21:00:00,2.12,10.0,110.0
2022-11-08 00:00:00,2.17,10.0,105.0
2022-11-08 03:00:00,1.97,9.09,105.0
2022-11-08 06:00:00,2.04,10.0,98.0
2022-11-08 09:00:00,2.17,10.0,90.0
2022-11-08 12:00:00,2.21,9.09,96.0
2022-11-08 15:00:00,2.13,9.09,86.0
2022-11-08 18:00:00,2.26,10.0,90.0
2022-11-08 21:00:00,2.14,9.09,93.0
2022-11-09 00:00:00,2.14,9.09,83.0
2022-11-09 03:00:00,2.27,9.09,89.0
2022-11-09 06:00:00,1.99,9.09,88.0
2022-11-09 09:00:00,1.82,9.09,92.0
2022-11-09 12:00:00,2.12,9.09,78.0
2022-11-09 15:00:00,1.83,9.09,80.0
2022-11-09 18:00:00,1.83,9.09,91.0
2022-11-09 21:00:00,1.74,9.09,89.0
2022-11-10 00:00:00,1.68,9.09,76.0
2022-11-10 03:00:00,1.63,9.09,87.0
2022-11-10 06:00:00,1.71,9.09,93.0
2022-11-10 09:00:00,1.58,9.09,94.0
2022-11-10 12:00:00,1.57,8.33,102.0
2022-11-10 15:00:00,1.47,9.09,93.0
2022-11-10 18:00:00,1.39,9.09,88.0
2022-11-10 21:00:00,1.5,9.09,86.0
2022-11-11 00:00:00,1.6,6.25,42.0
2022-11-11 03:00:00,1.66,8.33,96.0
2022-11-11 06:00:00,1.72,8.33,81.0
2022-11-11 09:00:00,1.84,8.33,77.0
2022-11-11 12:00:00,2.01,12.12,39.0
2022-11-11 15:00:00,1.93,7.69,46.0
2022-11-11 18:00:00,1.95,8.33,52.0
2022-11-11 21:00:00,2.09,8.33,47.0
2022-11-12 00:00:00,2.09,8.33,34.0
2022-11-12 03:00:00,2.16,11.43,32.0
2022-11-12 06:00:00,2.33,10.0,41.0
2022-11-12 09:00:00,2.16,10.81,47.0
2022-11-12 12:00:00,2.37,6.67,63.0
2022-11-12 15:00:00,2.43,10.0,48.0
2022-11-12 18:00:00,2.63,7.69,56.0
2022-11-12 21:00:00,2.46,16.0,348.0
2022-11-13 00:00:00,3.03,14.81,332.0
2022-11-13 03:00:00,3.08,14.81,351.0
2022-11-13 06:00:00,3.14,14.81,356.0
2022-11-13 09:00:00,2.92,14.81,4.0
2022-11-13 12:00:00,3.02,13.79,343.0
2022-11-13 15:00:00,3.21,14.81,355.0
2022-11-13 18:00:00,2.97,13.79,336.0
2022-11-13 21:00:00,2.67,13.79,341.0
2022-11-14 00:00:00,2.69,14.81,330.0
2022-11-14 03:00:00,2.51,12.9,331.0
2022-11-14 06:00:00,2.15,12.9,340.0
2022-11-14 09:00:00,2.07,12.9,352.0
2022-11-14 12:00:00,2.06,11.43,343.0
2022-11-14 15:00:00,1.85,9.09,44.0
2022-11-14 18:00:00,1.69,12.12,351.0
2022-11-14 21:00:00,1.76,12.12,348.0
2022-11-15 00:00:00,1.84,12.12,341.0
2022-11-15 03:00:00,1.9,16.0,326.0
2022-11-15 06:00:00,2.3,14.81,354.0
2022-11-15 09:00:00,2.12,14.81,355.0
2022-11-15 12:00:00,2.16,14.81,359.0
2022-11-15 15:00:00,1.92,16.0,334.0
2022-11-15 18:00:00,2.28,14.81,336.0
2022-11-15 21:00:00,2.87,14.81,351.0
2022-11-16 00:00:00,2.88,14.81,336.0
2022-11-16 03:00:00,2.79,13.79,336.0
2022-11-16 06:00:00,2.75,14.81,348.0
2022-11-16 09:00:00,2.51,12.12,346.0
2022-11-16 12:00:00,2.77,13.79,343.0
2022-11-16 15:00:00,2.52,13.79,336.0
2022-11-16 18:00:00,2.41,12.9,338.0
2022-11-16 21:00:00,2.4,12.12,339.0
2022-11-17 00:00:00,2.51,12.9,337.0
2022-11-17 03:00:00,2.55,12.12,335.0
2022-11-17 06:00:00,2.01,12.9,333.0
2022-11-17 09:00:00,2.35,13.79,2.0
2022-11-17 12:00:00,2.23,12.12,6.0
2022-11-17 15:00:00,2.17,13.79,8.0
2022-11-17 18:00:00,2.1,12.12,357.0
2022-11-17 21:00:00,2.21,12.9,355.0
2022-11-18 00:00:00,2.51,14.81,9.0
2022-11-18 03:00:00,2.09,14.81,12.0
2022-11-18 06:00:00,1.98,12.9,357.0
2022-11-18 09:00:00,1.73,11.43,4.0
2022-11-18 12:00:00,1.81,12.12,27.0
2022-11-18 15:00:00,1.65,12.12,13.0
2022-11-18 18:00:00,1.42,12.12,353.0
2022-11-18 21:00:00,1.42,12.9,18.0
2022-11-19 00:00:00,1.31,12.9,22.0
2022-11-19 03:00:00,1.5,12.12,24.0
2022-11-19 06:00:00,1.43,12.12,12.0
2022-11-19 09:00:00,1.47,11.43,16.0
2022-11-19 12:00:00,1.53,11.43,13.0
2022-11-19 15:00:00,1.6,10.81,8.0
2022-11-19 18:00:00,1.7,10.0,3.0
2022-11-19 21:00:00,1.87,12.9,308.0
2022-11-20 00:00:00,2.11,11.43,336.0
2022-11-20 03:00:00,2.09,12.12,335.0
2022-11-20 06:00:00,2.08,11.43,340.0
2022-11-20 09:00:00,2.03,6.67,105.0
2022-11-20 12:00:00,2.1,16.0,17.0
2022-11-20 15:00:00,2.09,16.0,334.0
2022-11-20 18:00:00,2.36,14.81,337.0
2022-11-20 21:00:00,2.67,14.81,306.0
2022-11-21 00:00:00,2.6,16.0,338.0
2022-11-21 03:00:00,2.45,13.79,333.0
2022-11-21 06:00:00,2.61,14.81,323.0
2022-11-21 09:00:00,2.98,14.81,321.0
2022-11-21 12:00:00,2.57,14.81,317.0
2022-11-21 15:00:00,2.46,14.81,310.0
2022-11-21 18:00:00,2.53,13.79,319.0
2022-11-21 21:00:00,2.59,13.79,320.0
2022-11-22 00:00:00,2.69,13.79,324.0
2022-11-22 03:00:00,2.6,13.79,344.0
2022-11-22 06:00:00,2.37,12.12,329.0
2022-11-22 09:00:00,2.43,12.9,318.0
2022-11-22 12:00:00,2.55,12.12,322.0
2022-11-22 15:00:00,2.28,12.9,309.0
2022-11-22 18:00:00,2.12,10.0,104.0
2022-11-22 21:00:00,2.39,12.12,312.0
2022-11-23 00:00:00,2.37,11.43,315.0
2022-11-23 03:00:00,2.12,9.09,98.0
2022-11-23 06:00:00,2.03,9.09,93.0
2022-11-23 09:00:00,2.06,9.09,109.0
2022-11-23 12:00:00,2.05,10.0,21.0
2022-11-23 15:00:00,1.97,9.09,97.0
2022-11-23 18:00:00,1.99,9.09,107.0
2022-11-23 21:00:00,3.35,8.33,348.0
2022-11-24 00:00:00,4.15,9.09,6.0
2022-11-24 03:00:00,4.42,12.9,353.0
2022-11-24 06:00:00,5.0,13.79,359.0
2022-11-24 09:00:00,5.06,12.9,359.0
2022-11-24 12:00:00,5.48,9.09,41.0
2022-11-24 15:00:00,5.37,14.81,9.0
2022-11-24 18:00:00,5.53,14.81,7.0
2022-11-24 21:00:00,5.03,10.0,34.0
2022-11-25 00:00:00,5.57,13.79,12.0
2022-11-25 03:00:00,5.23,12.9,359.0
2022-11-25 06:00:00,5.24,14.81,27.0
2022-11-25 09:00:00,4.62,10.81,28.0
2022-11-25 12:00:00,4.32,13.79,28.0
2022-11-25 15:00:00,4.46,13.79,24.0
2022-11-25 18:00:00,4.18,13.79,19.0
2022-11-25 21:00:00,3.47,13.79,31.0
2022-11-26 00:00:00,3.76,9.09,52.0
2022-11-26 03:00:00,3.39,12.12,27.0
2022-11-26 06:00:00,3.4,11.43,34.0
2022-11-26 09:00:00,3.14,9.09,54.0
2022-11-26 12:00:00,3.18,10.81,34.0
2022-11-26 15:00:00,3.67,16.0,50.0
2022-11-26 18:00:00,5.0,14.81,49.0
2022-11-26 21:00:00,4.53,14.81,53.0
2022-11-27 00:00:00,4.6,14.81,43.0
2022-11-27 03:00:00,4.22,14.81,47.0
2022-11-27 06:00:00,3.92,14.81,40.0
2022-11-27 09:00:00,4.22,14.81,43.0
2022-11-27 12:00:00,3.53,14.81,42.0
2022-11-27 15:00:00,3.48,13.79,46.0
2022-11-27 18:00:00,3.17,13.79,47.0
2022-11-27 21:00:00,3.17,12.9,49.0
2022-11-28 00:00:00,2.76,12.12,44.0
2022-11-28 03:00:00,2.91,12.9,38.0
2022-11-28 06:00:00,2.72,12.9,40.0
2022-11-28 09:00:00,2.52,12.9,47.0
2022-11-28 12:00:00,2.37,12.12,45.0
2022-11-28 15:00:00,2.4,11.43,42.0
2022-11-28 18:00:00,2.28,11.43,33.0
2022-11-28 21:00:00,2.35,11.43,48.0
2022-11-29 00:00:00,2.48,11.43,40.0
2022-11-29 03:00:00,2.59,17.39,305.0
2022-11-29 06:00:00,2.41,16.0,316.0
2022-11-29 09:00:00,2.46,16.0,317.0
2022-11-29 12:00:00,2.83,14.81,309.0
2022-11-29 15:00:00,2.32,16.0,317.0
2022-11-29 18:00:00,2.72,16.0,325.0
2022-11-29 21:00:00,2.74,16.0,326.0
2022-11-30 00:00:00,2.3,13.79,317.0
2022-11-30 03:00:00,1.91,12.12,313.0
2022-11-30 06:00:00,2.34,13.79,315.0
2022-11-30 09:00:00,2.1,13.79,322.0
2022-11-30 12:00:00,2.19,13.79,317.0
2022-11-30 15:00:00,1.87,12.9,327.0
2022-11-30 18:00:00,2.02,12.12,338.0
2022-11-30 21:00:00,1.89,12.12,339.0
2022-12-01 00:00:00,1.79,10.81,341.0
2022-12-01 03:00:00,1.63,10.81,337.0
2022-12-01 06:00:00,1.84,17.39,329.0
2022-12-01 09:00:00,2.14,17.39,332.0
2022-12-01 12:00:00,3.03,16.0,326.0
2022-12-01 15:00:00,3.97,17.39,313.0
2022-12-01 18:00:00,3.62,17.39,310.0
2022-12-01 21:00:00,3.1,16.0,307.0
2022-12-02 00:00:00,3.23,16.0,310.0
2022-12-02 03:00:00,3.1,16.0,318.0
2022-12-02 06:00:00,2.96,16.0,324.0
2022-12-02 09:00:00,2.85,16.0,328.0
2022-12-02 12:00:00,2.75,16.0,327.0
2022-12-02 15:00:00,2.77,16.0,323.0
2022-12-02 18:00:00,2.53,14.81,314.0
2022-12-02 21:00:00,2.6,13.79,314.0
2022-12-03 00:00:00,2.73,13.79,309.0
2022-12-03 03:00:00,2.21,13.79,322.0
2022-12-03 06:00:00,2.45,13.79,330.0
2022-12-03 09:00:00,2.28,12.9,333.0
2022-12-03 12:00:00,2.21,13.79,321.0
2022-12-03 15:00:00,2.35,12.9,332.0
2022-12-03 18:00:00,2.58,12.9,332.0
2022-12-03 21:00:00,2.81,10.81,18.0
2022-12-04 00:00:00,2.65,12.9,1.0
2022-12-04 03:00:00,2.58,12.12,7.0
2022-12-04 06:00:00,2.98,12.12,16.0
2022-12-04 09:00:00,2.54,11.43,10.0
2022-12-04 12:00:00,2.53,10.81,41.0
2022-12-04 15:00:00,2.37,11.43,41.0
2022-12-04 18:00:00,2.33,12.12,350.0
2022-12-04 21:00:00,1.98,10.81,20.0
2022-12-05 00:00:00,2.19,11.43,354.0
2022-12-05 03:00:00,2.21,11.43,8.0
2022-12-05 06:00:00,1.84,11.43,358.0
2022-12-05 09:00:00,2.01,10.81,346.0
2022-12-05 12:00:00,1.9,10.81,13.0
2022-12-05 15:00:00,1.76,10.81,4.0
2022-12-05 18:00:00,1.59,10.0,355.0
2022-12-05 21:00:00,1.45,10.0,335.0
2022-12-06 00:00:00,1.73,10.0,341.0
2022-12-06 03:00:00,2.41,12.12,305.0
2022-12-06 06:00:00,3.54,12.9,324.0
2022-12-06 09:00:00,3.65,12.9,335.0
2022-12-06 12:00:00,4.41,12.12,318.0
2022-12-06 15:00:00,4.06,12.9,337.0
2022-12-06 18:00:00,4.24,12.12,324.0
2022-12-06 21:00:00,4.64,13.79,327.0
2022-12-07 00:00:00,4.9,13.79,325.0
2022-12-07 03:00:00,4.74,13.79,340.0
2022-12-07 06:00:00,4.16,14.81,350.0
2022-12-07 09:00:00,3.91,13.79,356.0
2022-12-07 12:00:00,3.37,12.9,348.0
2022-12-07 15:00:00,3.37,13.79,345.0
2022-12-07 18:00:00,3.08,12.9,335.0
2022-12-07 21:00:00,3.0,7.69,106.0
2022-12-08 00:00:00,3.16,8.33,102.0
2022-12-08 03:00:00,2.73,7.69,101.0
2022-12-08 06:00:00,2.98,8.33,91.0
2022-12-08 09:00:00,2.96,8.33,104.0
2022-12-08 12:00:00,3.47,8.33,87.0
2022-12-08 15:00:00,3.18,9.09,89.0
2022-12-08 18:00:00,3.6,8.33,98.0
2022-12-08 21:00:00,3.33,8.33,93.0
2022-12-09 00:00:00,3.38,9.09,101.0
2022-12-09 03:00:00,3.33,9.09,99.0
2022-12-09 06:00:00,3.08,9.09,95.0
2022-12-09 09:00:00,3.15,9.09,98.0
2022-12-09 12:00:00,3.12,9.09,99.0
2022-12-09 15:00:00,2.92,8.33,100.0
2022-12-09 18:00:00,3.05,9.09,97.0
2022-12-09 21:00:00,2.95,9.09,102.0
2022-12-10 00:00:00,2.82,9.09,108.0
2022-12-10 03:00:00,2.82,9.09,115.0
2022-12-10 06:00:00,2.75,9.09,108.0
2022-12-10 09:00:00,2.66,10.0,105.0
2022-12-10 12:00:00,2.85,9.09,104.0
2022-12-10 15:00:00,2.59,9.09,121.0
2022-12-10 18:00:00,2.69,9.09,106.0
2022-12-10 21:00:00,2.47,9.09,96.0
2022-12-11 00:00:00,2.48,9.09,94.0
2022-12-11 03:00:00,2.64,10.0,110.0
2022-12-11 06:00:00,2.64,10.0,96.0
2022-12-11 09:00:00,2.51,10.0,103.0
2022-12-11 12:00:00,2.45,10.0,106.0
2022-12-11 15:00:00,2.48,8.33,103.0
2022-12-11 18:00:00,2.23,10.0,99.0
2022-12-11 21:00:00,2.37,8.33,106.0
2022-12-12 00:00:00,2.39,10.0,102.0
2022-12-12 03:00:00,2.39,8.33,94.0
2022-12-12 06:00:00,2.68,10.0,93.0
2022-12-12 09:00:00,2.48,10.0,91.0
2022-12-12 12:00:00,2.51,10.0,98.0
2022-12-12 15:00:00,2.63,9.09,100.0
2022-12-12 18:00:00,2.4,10.0,88.0
2022-12-12 21:00:00,2.39,9.09,100.0
2022-12-13 00:00:00,2.46,13.79,337.0
2022-12-13 03:00:00,2.82,9.09,91.0
2022-12-13 06:00:00,3.16,7.69,89.0
2022-12-13 09:00:00,2.81,7.69,85.0
2022-12-13 12:00:00,2.63,10.0,89.0
2022-12-13 15:00:00,2.59,11.43,8.0
2022-12-13 18:00:00,2.43,10.81,17.0
2022-12-13 21:00:00,2.45,8.33,87.0
2022-12-14 00:00:00,2.46,9.09,88.0
2022-12-14 03:00:00,2.39,10.0,73.0
2022-12-14 06:00:00,2.33,7.69,61.0
2022-12-14 09:00:00,1.98,8.33,64.0
2022-12-14 12:00:00,2.18,9.09,91.0
2022-12-14 15:00:00,2.06,8.33,70.0
2022-12-14 18:00:00,2.23,9.09,88.0
2022-12-14 21:00:00,2.1,9.09,92.0
2022-12-15 00:00:00,1.94,9.09,81.0
2022-12-15 03:00:00,1.93,9.09,91.0
2022-12-15 06:00:00,2.04,10.0,97.0
2022-12-15 09:00:00,1.92,10.0,94.0
2022-12-15 12:00:00,1.83,9.09,91.0
2022-12-15 15:00:00,1.91,8.33,68.0
2022-12-15 18:00:00,1.86,10.0,80.0
2022-12-15 21:00:00,1.6,9.09,91.0
2022-12-16 00:00:00,1.61,9.09,116.0
2022-12-16 03:00:00,2.04,17.39,304.0
2022-12-16 06:00:00,3.33,17.39,326.0
2022-12-16 09:00:00,3.51,16.0,324.0
2022-12-16 12:00:00,5.09,14.81,324.0
2022-12-16 15:00:00,4.21,17.39,318.0
2022-12-16 18:00:00,-9999.0,-9999.0,-9999.0
2022-12-16 21:00:00,4.33,17.39,336.0
2022-12-17 00:00:00,4.44,12.9,322.0
2022-12-17 03:00:00,3.73,16.0,331.0
2022-12-17 06:00:00,4.24,16.0,338.0
2022-12-17 09:00:00,3.72,11.43,344.0
2022-12-17 12:00:00,3.73,14.81,340.0
2022-12-17 15:00:00,3.56,14.81,334.0
2022-12-17 18:00:00,3.13,12.12,338.0
2022-12-17 21:00:00,3.13,13.79,332.0
2022-12-18 00:00:00,3.49,14.81,329.0
2022-12-18 03:00:00,2.87,12.9,331.0
2022-12-18 06:00:00,3.37,13.79,339.0
2022-12-18 09:00:00,2.7,13.79,343.0
2022-12-18 12:00:00,2.53,12.9,329.0
2022-12-18 15:00:00,2.34,13.79,332.0
2022-12-18 18:00:00,1.99,12.9,340.0
2022-12-18 21:00:00,2.03,11.43,311.0
2022-12-19 00:00:00,2.59,5.88,263.0
2022-12-19 03:00:00,3.42,7.14,274.0
2022-12-19 06:00:00,3.98,8.33,279.0
2022-12-19 09:00:00,4.81,11.43,311.0
2022-12-19 12:00:00,5.51,12.9,313.0
2022-12-19 15:00:00,6.07,13.79,308.0
2022-12-19 18:00:00,4.73,11.43,303.0
2022-12-19 21:00:00,5.37,11.43,296.0
2022-12-20 00:00:00,5.93,14.81,295.0
2022-12-20 03:00:00,6.54,13.79,310.0
2022-12-20 06:00:00,6.66,14.81,314.0
2022-12-20 09:00:00,6.81,14.81,315.0
2022-12-20 12:00:00,6.56,14.81,326.0
2022-12-20 15:00:00,5.88,16.0,325.0
2022-12-20 18:00:00,5.73,14.81,327.0
2022-12-20 21:00:00,5.73,14.81,321.0
2022-12-21 00:00:00,5.34,13.79,320.0
2022-12-21 03:00:00,5.17,13.79,330.0
2022-12-21 06:00:00,4.73,12.9,327.0
2022-12-21 09:00:00,4.03,12.12,325.0
2022-12-21 12:00:00,3.94,12.12,324.0
2022-12-21 15:00:00,3.61,12.9,327.0
2022-12-21 18:00:00,3.08,12.12,316.0
2022-12-21 21:00:00,2.97,10.81,325.0
2022-12-22 00:00:00,2.72,12.12,320.0
2022-12-22 03:00:00,3.08,21.05,318.0
2022-12-22 06:00:00,2.93,19.05,311.0
2022-12-22 09:00:00,2.97,19.05,294.0
2022-12-22 12:00:00,2.96,19.05,308.0
2022-12-22 15:00:00,2.82,19.05,297.0
2022-12-22 18:00:00,2.71,19.05,322.0
2022-12-22 21:00:00,2.68,17.39,305.0
2022-12-23 00:00:00,-9999.0,-9999.0,-9999.0
2022-12-23 03:00:00,3.47,17.39,302.0
2022-12-23 06:00:00,3.0,14.81,318.0
2022-12-23 09:00:00,2.83,13.79,318.0
2022-12-23 12:00:00,2.9,13.79,316.0
2022-12-23 15:00:00,3.39,14.81,307.0
2022-12-23 18:00:00,3.72,14.81,308.0
2022-12-23 21:00:00,3.48,11.43,320.0
2022-12-24 00:00:00,3.91,11.43,314.0
2022-12-24 03:00:00,3.65,13.79,311.0
2022-12-24 06:00:00,3.68,13.79,308.0
2022-12-24 09:00:00,3.53,13.79,303.0
2022-12-24 12:00:00,3.8,12.12,309.0
2022-12-24 15:00:00,3.72,13.79,300.0
2022-12-24 18:00:00,3.83,12.12,305.0
2022-12-24 21:00:00,3.58,12.9,306.0
2022-12-25 00:00:00,3.62,12.9,301.0
2022-12-25 03:00:00,3.56,13.79,299.0
2022-12-25 06:00:00,3.47,12.9,303.0
2022-12-25 09:00:00,3.32,12.9,300.0
2022-12-25 12:00:00,3.37,13.79,296.0
2022-12-25 15:00:00,3.49,13.79,301.0
2022-12-25 18:00:00,3.15,13.79,295.0
2022-12-25 21:00:00,2.82,13.79,297.0
2022-12-26 00:00:00,2.76,13.79,309.0
2022-12-26 03:00:00,2.44,12.9,293.0
2022-12-26 06:00:00,2.41,12.9,306.0
2022-12-26 09:00:00,2.55,12.9,308.0
2022-12-26 12:00:00,2.36,13.79,295.0
2022-12-26 15:00:00,2.36,12.12,296.0
2022-12-26 18:00:00,2.01,11.43,295.0
2022-12-26 21:00:00,2.25,10.81,291.0
2022-12-27 00:00:00,2.14,11.43,307.0
2022-12-27 03:00:00,2.14,11.43,318.0
2022-12-27 06:00:00,2.02,12.12,311.0
2022-12-27 09:00:00,1.9,11.43,316.0
2022-12-27 12:00:00,1.95,11.43,312.0
2022-12-27 15:00:00,1.9,10.81,311.0
2022-12-27 18:00:00,1.98,10.81,308.0
2022-12-27 21:00:00,1.92,10.81,294.0
2022-12-28 00:00:00,1.94,11.43,298.0
2022-12-28 03:00:00,1.85,10.0,303.0
2022-12-28 06:00:00,1.97,10.81,308.0
2022-12-28 09:00:00,2.22,10.81,326.0
2022-12-28 12:00:00,2.12,10.0,311.0
2022-12-28 15:00:00,1.97,16.0,297.0
2022-12-28 18:00:00,2.0,14.81,283.0
2022-12-28 21:00:00,2.35,12.9,296.0
2022-12-29 00:00:00,2.41,13.79,297.0
2022-12-29 03:00:00,2.52,13.79,304.0
2022-12-29 06:00:00,2.4,13.79,291.0
2022-12-29 09:00:00,2.36,14.81,297.0
2022-12-29 12:00:00,2.25,14.81,301.0
2022-12-29 15:00:00,2.46,13.79,302.0
2022-12-29 18:00:00,2.58,13.79,300.0
2022-12-29 21:00:00,2.75,13.79,300.0
2022-12-30 00:00:00,3.28,13.79,306.0
2022-12-30 03:00:00,2.75,13.79,296.0
2022-12-30 06:00:00,2.8,13.79,296.0
2022-12-30 09:00:00,3.27,14.81,325.0
2022-12-30 12:00:00,3.44,14.81,314.0
2022-12-30 15:00:00,3.14,13.79,301.0
2022-12-30 18:00:00,2.9,13.79,303.0
2022-12-30 21:00:00,3.02,12.9,318.0
2022-12-31 00:00:00,2.52,13.79,308.0
2022-12-31 03:00:00,2.93,13.79,299.0
2022-12-31 06:00:00,2.78,12.12,295.0
2022-12-31 09:00:00,2.58,13.79,275.0
2022-12-31 12:00:00,2.21,12.9,267.0
2022-12-31 15:00:00,2.06,12.9,283.0
2022-12-31 18:00:00,2.21,12.9,283.0
2022-12-31 21:00:00,2.08,12.9,307.0
2023-01-01 00:00:00,-9999.0,-9999.0,-9999.0
