,Hs,Tp,Dp
2022-01-01 00:00:00,3.47,9.25,82.5
2022-01-01 03:00:00,3.4099998,9.57,67.5
2022-01-01 06:00:00,3.33,9.76,67.5
2022-01-01 09:00:00,3.27,9.849999,67.5
2022-01-01 12:00:00,3.21,9.87,67.5
2022-01-01 15:00:00,3.1799998,9.91,67.5
2022-01-01 18:00:00,3.08,9.88,82.5
2022-01-01 21:00:00,3.1999998,10.05,82.5
2022-01-02 00:00:00,3.1799998,10.01,307.5
2022-01-02 03:00:00,3.11,9.969999,307.5
2022-01-02 06:00:00,3.29,14.65,307.5
2022-01-02 09:00:00,3.1899998,14.36,307.5
2022-01-02 12:00:00,2.98,13.69,307.5
2022-01-02 15:00:00,2.79,13.25,307.5
2022-01-02 18:00:00,2.6299999,9.36,307.5
2022-01-02 21:00:00,2.52,9.3,307.5
2022-01-03 00:00:00,2.3799999,9.19,307.5
2022-01-03 03:00:00,2.26,9.099999,307.5
2022-01-03 06:00:00,2.18,8.889999,307.5
2022-01-03 09:00:00,2.1399999,9.01,307.5
2022-01-03 12:00:00,2.1,9.0199995,307.5
2022-01-03 15:00:00,2.06,9.04,307.5
2022-01-03 18:00:00,2.02,9.05,307.5
2022-01-03 21:00:00,2.0,9.11,307.5
2022-01-04 00:00:00,2.0,9.21,292.5
2022-01-04 03:00:00,1.9699999,9.21,292.5
2022-01-04 06:00:00,1.9399999,9.139999,292.5
2022-01-04 09:00:00,1.99,9.22,292.5
2022-01-04 12:00:00,1.92,9.04,292.5
2022-01-04 15:00:00,1.88,8.88,292.5
2022-01-04 18:00:00,1.88,17.82,7.5
2022-01-04 21:00:00,1.93,17.35,7.5
2022-01-05 00:00:00,2.06,17.09,7.5
2022-01-05 03:00:00,2.24,16.789999,7.5
2022-01-05 06:00:00,2.46,16.6,7.5
2022-01-05 09:00:00,2.7,16.32,7.5
2022-01-05 12:00:00,2.9299998,16.09,7.5
2022-01-05 15:00:00,3.35,16.42,292.5
2022-01-05 18:00:00,3.81,16.699999,307.5
2022-01-05 21:00:00,4.0899997,16.38,307.5
2022-01-06 00:00:00,4.06,15.929999,307.5
2022-01-06 03:00:00,3.85,15.469999,307.5
2022-01-06 06:00:00,3.6699998,14.96,307.5
2022-01-06 09:00:00,3.6,14.75,307.5
2022-01-06 12:00:00,3.52,14.54,307.5
2022-01-06 15:00:00,3.4399998,14.34,307.5
2022-01-06 18:00:00,3.4099998,14.11,307.5
2022-01-06 21:00:00,3.26,13.91,307.5
2022-01-07 00:00:00,3.08,13.66,307.5
2022-01-07 03:00:00,2.9099998,13.53,322.5
2022-01-07 06:00:00,2.79,13.4,322.5
2022-01-07 09:00:00,2.6799998,13.219999,322.5
2022-01-07 12:00:00,2.6,13.11,322.5
2022-01-07 15:00:00,2.52,13.04,322.5
2022-01-07 18:00:00,2.47,13.009999,307.5
2022-01-07 21:00:00,2.4299998,12.929999,307.5
2022-01-08 00:00:00,2.4099998,12.69,307.5
2022-01-08 03:00:00,2.51,12.3,307.5
2022-01-08 06:00:00,2.53,11.63,307.5
2022-01-08 09:00:00,2.85,11.46,307.5
2022-01-08 12:00:00,3.29,12.11,307.5
2022-01-08 15:00:00,3.7099998,13.16,307.5
2022-01-08 18:00:00,3.98,13.82,307.5
2022-01-08 21:00:00,4.13,14.29,307.5
2022-01-09 00:00:00,4.24,14.63,307.5
2022-01-09 03:00:00,4.35,14.929999,307.5
2022-01-09 06:00:00,4.6,15.42,292.5
2022-01-09 09:00:00,4.67,15.61,292.5
2022-01-09 12:00:00,4.48,15.53,292.5
2022-01-09 15:00:00,4.23,15.559999,292.5
2022-01-09 18:00:00,3.9599998,15.469999,292.5
2022-01-09 21:00:00,3.8999999,15.54,292.5
2022-01-10 00:00:00,3.75,15.23,292.5
2022-01-10 03:00:00,3.73,14.9,307.5
2022-01-10 06:00:00,3.74,14.589999,307.5
2022-01-10 09:00:00,3.76,14.16,307.5
2022-01-10 12:00:00,3.79,13.559999,307.5
2022-01-10 15:00:00,3.79,13.19,307.5
2022-01-10 18:00:00,3.81,12.9,307.5
2022-01-10 21:00:00,3.6599998,12.67,307.5
2022-01-11 00:00:00,3.6999998,12.58,307.5
2022-01-11 03:00:00,4.0699997,12.32,307.5
2022-01-11 06:00:00,4.5099998,12.2699995,307.5
2022-01-11 09:00:00,4.7,12.7,307.5
2022-01-11 12:00:00,4.7599998,13.08,307.5
2022-01-11 15:00:00,4.7,13.2,307.5
2022-01-11 18:00:00,4.63,13.24,307.5
2022-01-11 21:00:00,4.61,13.42,307.5
2022-01-12 00:00:00,4.5099998,13.65,307.5
2022-01-12 03:00:00,4.36,13.86,307.5
2022-01-12 06:00:00,4.2,14.049999,307.5
2022-01-12 09:00:00,4.0299997,14.21,307.5
2022-01-12 12:00:00,3.81,14.23,307.5
2022-01-12 15:00:00,3.61,14.179999,307.5
2022-01-12 18:00:00,3.72,14.349999,322.5
2022-01-12 21:00:00,3.47,14.11,322.5
2022-01-13 00:00:00,3.1499999,13.69,307.5
2022-01-13 03:00:00,2.97,13.41,322.5
2022-01-13 06:00:00,2.95,13.2699995,322.5
2022-01-13 09:00:00,2.9099998,12.92,322.5
2022-01-13 12:00:00,3.12,13.11,322.5
2022-01-13 15:00:00,3.37,13.41,322.5
2022-01-13 18:00:00,3.4199998,13.429999,322.5
2022-01-13 21:00:00,3.5,13.59,322.5
2022-01-14 00:00:00,3.26,13.28,307.5
2022-01-14 03:00:00,3.1,13.15,307.5
2022-01-14 06:00:00,3.03,13.15,307.5
2022-01-14 09:00:00,2.96,13.07,322.5
2022-01-14 12:00:00,2.9199998,13.059999,322.5
2022-01-14 15:00:00,3.1999998,13.83,307.5
2022-01-14 18:00:00,2.97,13.5199995,307.5
2022-01-14 21:00:00,2.75,13.21,307.5
2022-01-15 00:00:00,2.62,12.98,307.5
2022-01-15 03:00:00,2.59,12.91,307.5
2022-01-15 06:00:00,2.6,12.73,322.5
2022-01-15 09:00:00,2.6399999,12.29,322.5
2022-01-15 12:00:00,3.0,12.88,322.5
2022-01-15 15:00:00,3.3799999,13.509999,322.5
2022-01-15 18:00:00,3.6799998,14.139999,307.5
2022-01-15 21:00:00,3.9399998,14.799999,307.5
2022-01-16 00:00:00,3.97,15.11,307.5
2022-01-16 03:00:00,3.78,14.75,307.5
2022-01-16 06:00:00,3.57,14.299999,307.5
2022-01-16 09:00:00,3.58,14.28,307.5
2022-01-16 12:00:00,3.27,13.549999,307.5
2022-01-16 15:00:00,2.99,13.03,307.5
2022-01-16 18:00:00,2.73,12.429999,307.5
2022-01-16 21:00:00,2.55,12.009999,307.5
2022-01-17 00:00:00,2.36,11.63,307.5
2022-01-17 03:00:00,2.21,11.15,307.5
2022-01-17 06:00:00,2.1,10.9,307.5
2022-01-17 09:00:00,2.12,10.92,307.5
2022-01-17 12:00:00,2.04,10.7699995,307.5
2022-01-17 15:00:00,2.01,10.7,307.5
2022-01-17 18:00:00,1.92,10.51,307.5
2022-01-17 21:00:00,1.86,10.44,307.5
2022-01-18 00:00:00,1.81,12.809999,292.5
2022-01-18 03:00:00,1.8,12.65,292.5
2022-01-18 06:00:00,1.8299999,12.99,307.5
2022-01-18 09:00:00,1.8499999,13.48,292.5
2022-01-18 12:00:00,2.01,13.38,292.5
2022-01-18 15:00:00,2.1599998,13.219999,292.5
2022-01-18 18:00:00,2.34,13.11,292.5
2022-01-18 21:00:00,2.49,13.259999,292.5
2022-01-19 00:00:00,2.58,13.259999,292.5
2022-01-19 03:00:00,2.6399999,13.41,292.5
2022-01-19 06:00:00,2.72,13.48,307.5
2022-01-19 09:00:00,2.82,13.45,307.5
2022-01-19 12:00:00,2.8799999,13.49,307.5
2022-01-19 15:00:00,2.8899999,13.63,307.5
2022-01-19 18:00:00,2.73,13.389999,292.5
2022-01-19 21:00:00,2.78,13.7,307.5
2022-01-20 00:00:00,2.74,13.62,307.5
2022-01-20 03:00:00,2.6499999,13.429999,307.5
2022-01-20 06:00:00,2.55,13.299999,292.5
2022-01-20 09:00:00,2.4099998,13.07,292.5
2022-01-20 12:00:00,2.3,12.94,292.5
2022-01-20 15:00:00,2.27,12.99,292.5
2022-01-20 18:00:00,2.19,12.809999,307.5
2022-01-20 21:00:00,2.28,12.71,307.5
2022-01-21 00:00:00,2.5,12.809999,307.5
2022-01-21 03:00:00,2.85,13.0199995,307.5
2022-01-21 06:00:00,3.3799999,13.28,307.5
2022-01-21 09:00:00,3.35,12.78,292.5
2022-01-21 12:00:00,3.28,12.45,292.5
2022-01-21 15:00:00,3.4499998,13.75,292.5
2022-01-21 18:00:00,4.35,15.889999,307.5
2022-01-21 21:00:00,4.7,16.17,307.5
2022-01-22 00:00:00,4.88,16.14,307.5
2022-01-22 03:00:00,4.95,16.1,307.5
2022-01-22 06:00:00,5.3399997,16.72,307.5
2022-01-22 09:00:00,5.23,16.73,307.5
2022-01-22 12:00:00,4.97,16.39,307.5
2022-01-22 15:00:00,4.72,16.16,307.5
2022-01-22 18:00:00,4.3399997,15.82,307.5
2022-01-22 21:00:00,4.02,15.33,307.5
2022-01-23 00:00:00,3.7099998,14.759999,292.5
2022-01-23 03:00:00,3.4099998,14.38,292.5
2022-01-23 06:00:00,3.1699998,14.009999,292.5
2022-01-23 09:00:00,3.01,13.66,292.5
2022-01-23 12:00:00,2.84,13.389999,292.5
2022-01-23 15:00:00,2.69,13.179999,292.5
2022-01-23 18:00:00,2.48,12.79,307.5
2022-01-23 21:00:00,2.46,12.62,307.5
2022-01-24 00:00:00,2.55,12.54,307.5
2022-01-24 03:00:00,2.75,16.98,307.5
2022-01-24 06:00:00,2.8799999,16.119999,307.5
2022-01-24 09:00:00,2.8999999,15.5,307.5
2022-01-24 12:00:00,2.86,14.63,307.5
2022-01-24 15:00:00,2.78,14.179999,307.5
2022-01-24 18:00:00,2.76,13.69,307.5
2022-01-24 21:00:00,2.76,13.509999,307.5
2022-01-25 00:00:00,2.77,13.429999,307.5
2022-01-25 03:00:00,2.77,13.299999,307.5
2022-01-25 06:00:00,2.79,13.15,307.5
2022-01-25 09:00:00,2.86,13.12,307.5
2022-01-25 12:00:00,2.79,12.91,307.5
2022-01-25 15:00:00,2.6699998,12.61,307.5
2022-01-25 18:00:00,2.79,12.87,292.5
2022-01-25 21:00:00,2.6,12.349999,292.5
2022-01-26 00:00:00,2.3899999,11.99,292.5
2022-01-26 03:00:00,2.27,11.74,292.5
2022-01-26 06:00:00,2.26,11.61,292.5
2022-01-26 09:00:00,2.3,11.65,292.5
2022-01-26 12:00:00,2.35,11.88,292.5
2022-01-26 15:00:00,2.3999999,12.389999,307.5
2022-01-26 18:00:00,2.47,12.929999,307.5
2022-01-26 21:00:00,2.48,13.08,307.5
2022-01-27 00:00:00,2.4299998,12.96,307.5
2022-01-27 03:00:00,2.32,12.73,292.5
2022-01-27 06:00:00,2.18,12.2699995,292.5
2022-01-27 09:00:00,2.1599998,12.17,292.5
2022-01-27 12:00:00,2.01,11.849999,292.5
2022-01-27 15:00:00,1.86,11.37,292.5
2022-01-27 18:00:00,1.6999999,10.84,307.5
2022-01-27 21:00:00,1.63,10.599999,307.5
2022-01-28 00:00:00,1.53,10.25,292.5
2022-01-28 03:00:00,1.38,9.7699995,307.5
2022-01-28 06:00:00,1.36,9.73,307.5
2022-01-28 09:00:00,1.3199999,9.599999,307.5
2022-01-28 12:00:00,1.3199999,9.429999,307.5
2022-01-28 15:00:00,1.35,9.19,307.5
2022-01-28 18:00:00,1.43,17.25,307.5
2022-01-28 21:00:00,1.56,16.85,307.5
2022-01-29 00:00:00,1.77,16.18,307.5
2022-01-29 03:00:00,2.05,16.09,307.5
2022-01-29 06:00:00,2.21,15.559999,307.5
2022-01-29 09:00:00,2.4199998,15.53,307.5
2022-01-29 12:00:00,2.47,15.38,307.5
2022-01-29 15:00:00,2.5,15.16,307.5
2022-01-29 18:00:00,2.4299998,14.849999,307.5
2022-01-29 21:00:00,2.46,14.639999,307.5
2022-01-30 00:00:00,2.4099998,14.34,307.5
2022-01-30 03:00:00,2.34,14.0,307.5
2022-01-30 06:00:00,2.26,13.67,307.5
2022-01-30 09:00:00,2.18,13.61,307.5
2022-01-30 12:00:00,2.11,13.95,307.5
2022-01-30 15:00:00,2.04,14.0,307.5
2022-01-30 18:00:00,1.88,13.49,307.5
2022-01-30 21:00:00,1.9,13.67,307.5
2022-01-31 00:00:00,1.9399999,13.62,307.5
2022-01-31 03:00:00,1.9799999,13.259999,307.5
2022-01-31 06:00:00,2.04,12.98,307.5
2022-01-31 09:00:00,2.2,13.23,307.5
2022-01-31 12:00:00,2.22,13.11,307.5
2022-01-31 15:00:00,2.28,12.86,307.5
2022-01-31 18:00:00,2.36,12.42,307.5
2022-01-31 21:00:00,2.4099998,12.179999,307.5
2022-02-01 00:00:00,2.4099998,12.17,307.5
2022-02-01 03:00:00,2.51,13.599999,307.5
2022-02-01 06:00:00,2.87,15.0199995,307.5
2022-02-01 09:00:00,3.3899999,15.179999,307.5
2022-02-01 12:00:00,3.74,14.94,307.5
2022-02-01 15:00:00,3.8,14.639999,307.5
2022-02-01 18:00:00,3.6699998,14.4,307.5
2022-02-01 21:00:00,3.55,14.349999,307.5
2022-02-02 00:00:00,3.1999998,14.0,307.5
2022-02-02 03:00:00,2.87,13.429999,292.5
2022-02-02 06:00:00,2.6299999,13.13,292.5
2022-02-02 09:00:00,2.48,12.929999,292.5
2022-02-02 12:00:00,2.29,12.57,322.5
2022-02-02 15:00:00,2.04,11.95,337.5
2022-02-02 18:00:00,1.9399999,11.83,337.5
2022-02-02 21:00:00,1.79,11.45,337.5
2022-02-03 00:00:00,1.63,11.01,337.5
2022-02-03 03:00:00,1.52,10.719999,337.5
2022-02-03 06:00:00,1.4499999,10.37,307.5
2022-02-03 09:00:00,1.4599999,10.24,307.5
2022-02-03 12:00:00,1.54,11.57,307.5
2022-02-03 15:00:00,1.67,11.509999,307.5
2022-02-03 18:00:00,1.8399999,13.07,307.5
2022-02-03 21:00:00,2.1299999,14.759999,307.5
2022-02-04 00:00:00,2.56,14.889999,307.5
2022-02-04 03:00:00,2.74,14.37,307.5
2022-02-04 06:00:00,2.81,14.07,307.5
2022-02-04 09:00:00,2.8999999,14.15,307.5
2022-02-04 12:00:00,2.76,13.87,307.5
2022-02-04 15:00:00,2.6299999,13.57,292.5
2022-02-04 18:00:00,2.54,13.349999,292.5
2022-02-04 21:00:00,2.56,13.28,292.5
2022-02-05 00:00:00,2.55,13.099999,292.5
2022-02-05 03:00:00,2.59,12.98,292.5
2022-02-05 06:00:00,2.6499999,13.13,307.5
2022-02-05 09:00:00,2.74,13.969999,307.5
2022-02-05 12:00:00,2.75,14.2,307.5
2022-02-05 15:00:00,2.75,14.17,307.5
2022-02-05 18:00:00,2.76,13.91,307.5
2022-02-05 21:00:00,2.8899999,13.78,307.5
2022-02-06 00:00:00,2.9199998,13.49,307.5
2022-02-06 03:00:00,2.9299998,13.259999,307.5
2022-02-06 06:00:00,2.95,13.12,307.5
2022-02-06 09:00:00,2.84,12.7699995,292.5
2022-02-06 12:00:00,2.7,12.38,292.5
2022-02-06 15:00:00,2.59,12.19,292.5
2022-02-06 18:00:00,2.59,12.3,307.5
2022-02-06 21:00:00,2.6,12.719999,307.5
2022-02-07 00:00:00,2.6599998,13.0,307.5
2022-02-07 03:00:00,2.6799998,13.059999,307.5
2022-02-07 06:00:00,2.6399999,12.98,307.5
2022-02-07 09:00:00,2.59,12.96,307.5
2022-02-07 12:00:00,2.55,12.99,307.5
2022-02-07 15:00:00,2.52,12.969999,307.5
2022-02-07 18:00:00,2.6499999,12.86,307.5
2022-02-07 21:00:00,2.59,12.78,307.5
2022-02-08 00:00:00,2.47,12.5,307.5
2022-02-08 03:00:00,2.34,12.179999,307.5
2022-02-08 06:00:00,2.22,11.84,307.5
2022-02-08 09:00:00,2.18,11.61,307.5
2022-02-08 12:00:00,2.23,11.5,307.5
2022-02-08 15:00:00,2.32,17.449999,307.5
2022-02-08 18:00:00,2.44,16.81,307.5
2022-02-08 21:00:00,2.52,16.119999,307.5
2022-02-09 00:00:00,2.55,15.63,307.5
2022-02-09 03:00:00,2.51,14.969999,307.5
2022-02-09 06:00:00,2.47,14.53,307.5
2022-02-09 09:00:00,2.54,14.2699995,307.5
2022-02-09 12:00:00,2.55,13.66,307.5
2022-02-09 15:00:00,2.57,13.2699995,307.5
2022-02-09 18:00:00,2.53,12.99,307.5
2022-02-09 21:00:00,2.53,12.809999,307.5
2022-02-10 00:00:00,2.45,12.57,307.5
2022-02-10 03:00:00,2.3799999,12.46,292.5
2022-02-10 06:00:00,2.33,12.11,292.5
2022-02-10 09:00:00,2.33,12.15,292.5
2022-02-10 12:00:00,2.31,12.05,292.5
2022-02-10 15:00:00,2.25,11.84,292.5
2022-02-10 18:00:00,2.19,11.639999,292.5
2022-02-10 21:00:00,2.11,11.429999,292.5
2022-02-11 00:00:00,2.05,11.36,292.5
2022-02-11 03:00:00,2.0,11.389999,292.5
2022-02-11 06:00:00,1.9799999,11.509999,292.5
2022-02-11 09:00:00,2.0,11.719999,292.5
2022-02-11 12:00:00,2.02,11.88,292.5
2022-02-11 15:00:00,2.07,11.98,292.5
2022-02-11 18:00:00,2.03,11.92,292.5
2022-02-11 21:00:00,2.21,12.62,292.5
2022-02-12 00:00:00,2.26,12.889999,307.5
2022-02-12 03:00:00,2.23,12.809999,307.5
2022-02-12 06:00:00,2.12,12.46,307.5
2022-02-12 09:00:00,2.11,12.49,307.5
2022-02-12 12:00:00,2.1399999,12.69,307.5
2022-02-12 15:00:00,2.06,12.48,307.5
2022-02-12 18:00:00,1.99,12.23,307.5
2022-02-12 21:00:00,1.92,11.969999,307.5
2022-02-13 00:00:00,1.8299999,11.69,307.5
2022-02-13 03:00:00,1.74,11.2699995,292.5
2022-02-13 06:00:00,1.67,10.94,292.5
2022-02-13 09:00:00,1.7099999,10.79,292.5
2022-02-13 12:00:00,1.7199999,10.55,292.5
2022-02-13 15:00:00,1.81,10.25,52.5
2022-02-13 18:00:00,1.91,9.42,52.5
2022-02-13 21:00:00,1.8199999,7.6299996,52.5
2022-02-14 00:00:00,1.7199999,7.62,52.5
2022-02-14 03:00:00,1.64,7.69,52.5
2022-02-14 06:00:00,1.56,7.8799996,52.5
2022-02-14 09:00:00,1.5799999,8.349999,52.5
2022-02-14 12:00:00,1.66,8.61,292.5
2022-02-14 15:00:00,1.88,19.57,292.5
2022-02-14 18:00:00,2.2,18.4,292.5
2022-02-14 21:00:00,2.61,17.85,292.5
2022-02-15 00:00:00,2.9099998,17.24,292.5
2022-02-15 03:00:00,3.11,16.57,292.5
2022-02-15 06:00:00,3.23,16.38,292.5
2022-02-15 09:00:00,3.46,16.92,292.5
2022-02-15 12:00:00,3.6599998,17.16,292.5
2022-02-15 15:00:00,3.9099998,17.17,292.5
2022-02-15 18:00:00,3.9599998,16.8,307.5
2022-02-15 21:00:00,3.79,16.14,307.5
2022-02-16 00:00:00,3.61,15.96,307.5
2022-02-16 03:00:00,3.4399998,15.75,307.5
2022-02-16 06:00:00,3.31,15.5199995,307.5
2022-02-16 09:00:00,3.28,15.25,307.5
2022-02-16 12:00:00,3.26,14.96,307.5
2022-02-16 15:00:00,3.21,14.75,307.5
2022-02-16 18:00:00,3.1599998,14.62,307.5
2022-02-16 21:00:00,3.1799998,14.549999,307.5
2022-02-17 00:00:00,3.23,14.58,307.5
2022-02-17 03:00:00,3.08,14.29,307.5
2022-02-17 06:00:00,3.05,14.24,307.5
2022-02-17 09:00:00,2.86,13.74,307.5
2022-02-17 12:00:00,2.72,13.38,307.5
2022-02-17 15:00:00,2.56,13.12,307.5
2022-02-17 18:00:00,2.4199998,12.91,307.5
2022-02-17 21:00:00,2.36,12.719999,307.5
2022-02-18 00:00:00,2.27,12.21,307.5
2022-02-18 03:00:00,2.25,11.96,307.5
2022-02-18 06:00:00,2.35,12.219999,307.5
2022-02-18 09:00:00,2.44,14.28,307.5
2022-02-18 12:00:00,2.54,14.2699995,307.5
2022-02-18 15:00:00,3.02,14.7699995,307.5
2022-02-18 18:00:00,3.01,14.059999,307.5
2022-02-18 21:00:00,3.11,13.259999,307.5
2022-02-19 00:00:00,3.27,12.86,307.5
2022-02-19 03:00:00,3.4099998,10.099999,307.5
2022-02-19 06:00:00,3.54,10.09,322.5
2022-02-19 09:00:00,3.62,10.26,322.5
2022-02-19 12:00:00,3.37,10.28,322.5
2022-02-19 15:00:00,3.1999998,10.26,322.5
2022-02-19 18:00:00,3.1,10.24,322.5
2022-02-19 21:00:00,3.1699998,10.61,322.5
2022-02-20 00:00:00,3.02,10.639999,322.5
2022-02-20 03:00:00,2.8899999,10.83,322.5
2022-02-20 06:00:00,2.82,11.04,7.5
2022-02-20 09:00:00,2.85,11.34,7.5
2022-02-20 12:00:00,2.87,11.429999,7.5
2022-02-20 15:00:00,2.84,11.28,7.5
2022-02-20 18:00:00,2.9199998,11.19,352.5
2022-02-20 21:00:00,2.6399999,10.74,352.5
2022-02-21 00:00:00,2.44,10.44,352.5
2022-02-21 03:00:00,2.28,10.17,352.5
2022-02-21 06:00:00,2.1499999,9.98,7.5
2022-02-21 09:00:00,2.05,9.8,7.5
2022-02-21 12:00:00,1.9799999,9.679999,7.5
2022-02-21 15:00:00,1.92,9.54,7.5
2022-02-21 18:00:00,1.89,9.36,292.5
2022-02-21 21:00:00,1.88,9.32,292.5
2022-02-22 00:00:00,1.8399999,16.25,292.5
2022-02-22 03:00:00,1.8199999,15.549999,292.5
2022-02-22 06:00:00,1.87,14.74,292.5
2022-02-22 09:00:00,1.92,14.28,292.5
2022-02-22 12:00:00,2.02,13.94,292.5
2022-02-22 15:00:00,2.12,13.53,292.5
2022-02-22 18:00:00,2.18,13.25,292.5
2022-02-22 21:00:00,2.21,13.059999,307.5
2022-02-23 00:00:00,2.2,12.929999,307.5
2022-02-23 03:00:00,2.1699998,12.87,307.5
2022-02-23 06:00:00,2.23,12.969999,307.5
2022-02-23 09:00:00,2.1599998,12.79,307.5
2022-02-23 12:00:00,2.12,12.559999,307.5
2022-02-23 15:00:00,2.1,12.54,307.5
2022-02-23 18:00:00,2.04,12.42,307.5
2022-02-23 21:00:00,2.1399999,12.62,307.5
2022-02-24 00:00:00,2.06,11.87,307.5
2022-02-24 03:00:00,1.9499999,11.24,307.5
2022-02-24 06:00:00,1.86,10.599999,307.5
2022-02-24 09:00:00,1.79,9.88,307.5
2022-02-24 12:00:00,1.78,9.309999,307.5
2022-02-24 15:00:00,1.8299999,21.859999,307.5
2022-02-24 18:00:00,1.9799999,20.84,307.5
2022-02-24 21:00:00,2.26,20.14,307.5
2022-02-25 00:00:00,2.6299999,19.439999,307.5
2022-02-25 03:00:00,3.01,18.92,307.5
2022-02-25 06:00:00,3.4099998,18.56,307.5
2022-02-25 09:00:00,3.79,18.17,307.5
2022-02-25 12:00:00,4.04,17.8,307.5
2022-02-25 15:00:00,4.16,17.51,307.5
2022-02-25 18:00:00,4.18,17.199999,307.5
2022-02-25 21:00:00,4.12,16.8,307.5
2022-02-26 00:00:00,3.99,16.369999,307.5
2022-02-26 03:00:00,3.86,16.05,307.5
2022-02-26 06:00:00,3.76,15.88,307.5
2022-02-26 09:00:00,3.6999998,15.839999,307.5
2022-02-26 12:00:00,3.7099998,15.889999,307.5
2022-02-26 15:00:00,3.74,15.92,307.5
2022-02-26 18:00:00,3.8999999,15.69,292.5
2022-02-26 21:00:00,3.84,15.549999,307.5
2022-02-27 00:00:00,3.6699998,15.38,307.5
2022-02-27 03:00:00,3.51,15.219999,307.5
2022-02-27 06:00:00,3.3799999,15.089999,307.5
2022-02-27 09:00:00,3.35,15.08,307.5
2022-02-27 12:00:00,3.23,14.889999,307.5
2022-02-27 15:00:00,3.09,14.599999,307.5
2022-02-27 18:00:00,3.01,14.28,307.5
2022-02-27 21:00:00,2.85,14.09,307.5
2022-02-28 00:00:00,2.72,13.75,307.5
2022-02-28 03:00:00,2.6,13.33,307.5
2022-02-28 06:00:00,2.53,13.0199995,292.5
2022-02-28 09:00:00,2.6,12.82,307.5
2022-02-28 12:00:00,2.6599998,12.75,307.5
2022-02-28 15:00:00,2.7,12.75,322.5
2022-02-28 18:00:00,2.74,12.78,322.5
2022-02-28 21:00:00,2.86,12.849999,322.5
2022-03-01 00:00:00,2.86,12.799999,322.5
2022-03-01 03:00:00,2.74,12.44,322.5
2022-03-01 06:00:00,2.72,12.04,322.5
2022-03-01 09:00:00,2.6,11.87,322.5
2022-03-01 12:00:00,2.3799999,11.57,307.5
2022-03-01 15:00:00,2.25,11.509999,307.5
2022-03-01 18:00:00,2.18,11.46,307.5
2022-03-01 21:00:00,2.1299999,11.34,307.5
2022-03-02 00:00:00,2.1,11.28,307.5
2022-03-02 03:00:00,2.06,11.24,307.5
2022-03-02 06:00:00,2.08,11.46,322.5
2022-03-02 09:00:00,2.02,11.469999,307.5
2022-03-02 12:00:00,1.9399999,11.33,307.5
2022-03-02 15:00:00,1.87,11.24,307.5
2022-03-02 18:00:00,1.8,11.099999,307.5
2022-03-02 21:00:00,1.74,10.969999,307.5
2022-03-03 00:00:00,1.7099999,10.75,307.5
2022-03-03 03:00:00,1.7099999,10.5199995,307.5
2022-03-03 06:00:00,1.67,9.98,307.5
2022-03-03 09:00:00,1.6999999,9.83,307.5
2022-03-03 12:00:00,1.76,15.259999,307.5
2022-03-03 15:00:00,1.92,15.75,307.5
2022-03-03 18:00:00,2.2,15.71,307.5
2022-03-03 21:00:00,2.45,15.309999,307.5
2022-03-04 00:00:00,2.62,14.83,307.5
2022-03-04 03:00:00,2.6599998,14.469999,307.5
2022-03-04 06:00:00,2.59,14.12,307.5
2022-03-04 09:00:00,2.71,14.12,307.5
2022-03-04 12:00:00,2.75,13.799999,307.5
2022-03-04 15:00:00,2.77,13.5199995,307.5
2022-03-04 18:00:00,2.77,13.28,322.5
2022-03-04 21:00:00,2.87,13.33,322.5
2022-03-05 00:00:00,2.83,13.33,322.5
2022-03-05 03:00:00,2.78,13.13,322.5
2022-03-05 06:00:00,2.72,12.889999,322.5
2022-03-05 09:00:00,2.72,12.99,322.5
2022-03-05 12:00:00,2.71,14.0,322.5
2022-03-05 15:00:00,2.6799998,14.08,322.5
2022-03-05 18:00:00,2.76,14.07,307.5
2022-03-05 21:00:00,2.77,13.679999,307.5
2022-03-06 00:00:00,2.7,13.389999,307.5
2022-03-06 03:00:00,2.57,13.09,307.5
2022-03-06 06:00:00,2.4299998,12.759999,307.5
2022-03-06 09:00:00,2.33,12.42,307.5
2022-03-06 12:00:00,2.26,12.259999,307.5
2022-03-06 15:00:00,2.23,12.219999,307.5
2022-03-06 18:00:00,2.09,11.969999,307.5
2022-03-06 21:00:00,2.01,11.79,307.5
2022-03-07 00:00:00,1.92,11.59,307.5
2022-03-07 03:00:00,1.8499999,11.25,307.5
2022-03-07 06:00:00,1.74,10.87,307.5
2022-03-07 09:00:00,1.6999999,10.61,307.5
2022-03-07 12:00:00,1.77,10.51,307.5
2022-03-07 15:00:00,2.02,10.44,322.5
2022-03-07 18:00:00,2.4099998,10.429999,322.5
2022-03-07 21:00:00,2.58,7.68,322.5
2022-03-08 00:00:00,2.6599998,15.679999,322.5
2022-03-08 03:00:00,2.84,15.75,322.5
2022-03-08 06:00:00,2.86,14.889999,322.5
2022-03-08 09:00:00,3.23,15.38,307.5
2022-03-08 12:00:00,3.1599998,14.53,307.5
2022-03-08 15:00:00,2.97,14.03,322.5
2022-03-08 18:00:00,2.9299998,13.429999,322.5
2022-03-08 21:00:00,2.82,13.12,322.5
2022-03-09 00:00:00,2.6499999,12.889999,322.5
2022-03-09 03:00:00,2.49,12.49,322.5
2022-03-09 06:00:00,2.3899999,12.259999,322.5
2022-03-09 09:00:00,2.28,11.7699995,322.5
2022-03-09 12:00:00,2.1599998,11.28,322.5
2022-03-09 15:00:00,2.05,10.84,322.5
2022-03-09 18:00:00,1.9699999,10.61,322.5
2022-03-09 21:00:00,1.8399999,10.25,322.5
2022-03-10 00:00:00,1.7199999,10.03,322.5
2022-03-10 03:00:00,1.61,9.82,322.5
2022-03-10 06:00:00,1.52,9.599999,322.5
2022-03-10 09:00:00,1.4499999,9.389999,322.5
2022-03-10 12:00:00,1.4,9.3,322.5
2022-03-10 15:00:00,1.37,9.349999,307.5
2022-03-10 18:00:00,1.29,9.19,307.5
2022-03-10 21:00:00,1.29,9.13,307.5
2022-03-11 00:00:00,1.37,16.52,307.5
2022-03-11 03:00:00,1.53,16.49,307.5
2022-03-11 06:00:00,1.7099999,15.98,307.5
2022-03-11 09:00:00,1.9,15.589999,307.5
2022-03-11 12:00:00,2.06,15.259999,307.5
2022-03-11 15:00:00,2.1499999,14.839999,307.5
2022-03-11 18:00:00,2.18,14.21,307.5
2022-03-11 21:00:00,2.23,14.08,307.5
2022-03-12 00:00:00,2.19,13.849999,307.5
2022-03-12 03:00:00,2.1399999,13.57,307.5
2022-03-12 06:00:00,2.09,13.28,307.5
2022-03-12 09:00:00,2.04,13.049999,307.5
2022-03-12 12:00:00,2.01,12.83,307.5
2022-03-12 15:00:00,1.9599999,12.509999,307.5
2022-03-12 18:00:00,1.9,12.099999,307.5
2022-03-12 21:00:00,1.9,12.12,307.5
2022-03-13 00:00:00,1.91,12.33,307.5
2022-03-13 03:00:00,1.88,12.25,307.5
2022-03-13 06:00:00,1.89,12.11,307.5
2022-03-13 09:00:00,1.87,12.0,307.5
2022-03-13 12:00:00,1.8499999,11.95,307.5
2022-03-13 15:00:00,1.77,11.42,307.5
2022-03-13 18:00:00,1.6899999,10.65,307.5
2022-03-13 21:00:00,1.7199999,10.2,322.5
2022-03-14 00:00:00,1.93,16.01,322.5
2022-03-14 03:00:00,2.26,15.599999,322.5
2022-03-14 06:00:00,2.56,14.91,322.5
2022-03-14 09:00:00,2.76,14.13,322.5
2022-03-14 12:00:00,2.8899999,13.84,322.5
2022-03-14 15:00:00,2.8999999,13.679999,322.5
2022-03-14 18:00:00,2.78,13.5,322.5
2022-03-14 21:00:00,2.85,13.61,322.5
2022-03-15 00:00:00,2.7,13.37,322.5
2022-03-15 03:00:00,2.54,13.07,322.5
2022-03-15 06:00:00,2.58,13.2,322.5
2022-03-15 09:00:00,2.46,13.099999,322.5
2022-03-15 12:00:00,2.4099998,13.09,322.5
2022-03-15 15:00:00,2.3999999,13.059999,322.5
2022-03-15 18:00:00,2.48,13.16,322.5
2022-03-15 21:00:00,2.4199998,12.99,322.5
2022-03-16 00:00:00,2.27,12.63,322.5
2022-03-16 03:00:00,2.1,12.24,322.5
2022-03-16 06:00:00,2.0,11.94,322.5
2022-03-16 09:00:00,1.92,11.69,322.5
2022-03-16 12:00:00,1.89,11.559999,322.5
2022-03-16 15:00:00,1.8399999,11.29,322.5
2022-03-16 18:00:00,1.86,11.42,322.5
2022-03-16 21:00:00,1.87,11.75,322.5
2022-03-17 00:00:00,1.88,12.009999,322.5
2022-03-17 03:00:00,1.87,12.17,307.5
2022-03-17 06:00:00,1.89,12.42,307.5
2022-03-17 09:00:00,1.9399999,12.66,307.5
2022-03-17 12:00:00,1.9699999,12.78,307.5
2022-03-17 15:00:00,1.9699999,12.679999,307.5
2022-03-17 18:00:00,1.9599999,12.44,307.5
2022-03-17 21:00:00,1.89,12.05,307.5
2022-03-18 00:00:00,1.8199999,11.82,307.5
2022-03-18 03:00:00,1.78,11.62,307.5
2022-03-18 06:00:00,1.77,11.38,322.5
2022-03-18 09:00:00,1.7199999,11.09,322.5
2022-03-18 12:00:00,1.8199999,15.66,322.5
2022-03-18 15:00:00,1.9699999,15.29,322.5
2022-03-18 18:00:00,2.18,14.469999,322.5
2022-03-18 21:00:00,2.29,14.25,322.5
2022-03-19 00:00:00,2.29,13.969999,322.5
2022-03-19 03:00:00,2.21,13.559999,322.5
2022-03-19 06:00:00,2.08,13.2,322.5
2022-03-19 09:00:00,1.9799999,12.809999,322.5
2022-03-19 12:00:00,1.87,12.13,322.5
2022-03-19 15:00:00,1.81,11.679999,307.5
2022-03-19 18:00:00,1.76,11.03,307.5
2022-03-19 21:00:00,1.74,10.67,112.5
2022-03-20 00:00:00,1.66,10.24,112.5
2022-03-20 03:00:00,1.5799999,9.889999,112.5
2022-03-20 06:00:00,1.54,9.71,112.5
2022-03-20 09:00:00,1.48,9.5199995,112.5
2022-03-20 12:00:00,1.4399999,9.349999,112.5
2022-03-20 15:00:00,1.4,9.26,112.5
2022-03-20 18:00:00,1.36,9.16,112.5
2022-03-20 21:00:00,1.36,9.16,112.5
2022-03-21 00:00:00,1.4,9.21,112.5
2022-03-21 03:00:00,1.49,15.74,307.5
2022-03-21 06:00:00,1.5799999,14.75,307.5
2022-03-21 09:00:00,1.88,15.259999,307.5
2022-03-21 12:00:00,2.44,15.2699995,322.5
2022-03-21 15:00:00,2.9199998,14.66,322.5
2022-03-21 18:00:00,3.1999998,14.32,322.5
2022-03-21 21:00:00,3.3999999,14.36,322.5
2022-03-22 00:00:00,3.57,14.5,322.5
2022-03-22 03:00:00,3.73,14.559999,322.5
2022-03-22 06:00:00,3.85,14.389999,322.5
2022-03-22 09:00:00,4.0899997,14.37,337.5
2022-03-22 12:00:00,4.08,14.24,337.5
2022-03-22 15:00:00,4.02,13.65,337.5
2022-03-22 18:00:00,3.8899999,13.28,337.5
2022-03-22 21:00:00,3.98,13.34,337.5
2022-03-23 00:00:00,3.83,13.099999,337.5
2022-03-23 03:00:00,3.7099998,12.929999,352.5
2022-03-23 06:00:00,3.6399999,12.79,352.5
2022-03-23 09:00:00,3.6999998,12.84,352.5
2022-03-23 12:00:00,3.6899998,8.45,352.5
2022-03-23 15:00:00,3.62,8.59,352.5
2022-03-23 18:00:00,3.4399998,8.62,352.5
2022-03-23 21:00:00,3.58,8.79,352.5
2022-03-24 00:00:00,3.52,8.7,352.5
2022-03-24 03:00:00,3.55,8.639999,352.5
2022-03-24 06:00:00,3.54,8.53,352.5
2022-03-24 09:00:00,3.47,8.61,352.5
2022-03-24 12:00:00,3.29,8.72,352.5
2022-03-24 15:00:00,3.1599998,8.82,352.5
2022-03-24 18:00:00,3.03,8.83,82.5
2022-03-24 21:00:00,2.96,8.7,82.5
2022-03-25 00:00:00,2.8799999,8.5,82.5
2022-03-25 03:00:00,2.81,8.38,82.5
2022-03-25 06:00:00,2.74,8.309999,97.5
2022-03-25 09:00:00,2.6799998,8.3,97.5
2022-03-25 12:00:00,2.57,8.349999,97.5
2022-03-25 15:00:00,2.44,8.47,97.5
2022-03-25 18:00:00,2.32,8.87,112.5
2022-03-25 21:00:00,2.26,9.0199995,97.5
2022-03-26 00:00:00,2.1599998,9.05,97.5
2022-03-26 03:00:00,2.06,9.05,97.5
2022-03-26 06:00:00,2.07,9.2699995,97.5
2022-03-26 09:00:00,2.07,10.17,322.5
2022-03-26 12:00:00,1.99,10.96,322.5
2022-03-26 15:00:00,1.93,10.95,352.5
2022-03-26 18:00:00,1.91,10.78,352.5
2022-03-26 21:00:00,1.91,10.63,352.5
2022-03-27 00:00:00,1.88,10.4,352.5
2022-03-27 03:00:00,1.86,10.219999,352.5
2022-03-27 06:00:00,1.92,10.17,352.5
2022-03-27 09:00:00,1.9499999,10.12,352.5
2022-03-27 12:00:00,1.9,10.0199995,352.5
2022-03-27 15:00:00,1.8399999,9.91,352.5
2022-03-27 18:00:00,1.78,9.79,352.5
2022-03-27 21:00:00,1.78,9.73,352.5
2022-03-28 00:00:00,1.6999999,9.5199995,352.5
2022-03-28 03:00:00,1.64,9.12,7.5
2022-03-28 06:00:00,1.67,8.98,7.5
2022-03-28 09:00:00,1.6899999,8.88,7.5
2022-03-28 12:00:00,1.6999999,8.76,22.5
2022-03-28 15:00:00,1.64,8.36,322.5
2022-03-28 18:00:00,1.52,8.04,97.5
2022-03-28 21:00:00,1.73,15.009999,322.5
2022-03-29 00:00:00,1.86,14.65,322.5
2022-03-29 03:00:00,2.1,14.639999,322.5
2022-03-29 06:00:00,2.27,14.24,322.5
2022-03-29 09:00:00,2.54,14.23,322.5
2022-03-29 12:00:00,2.71,14.19,322.5
2022-03-29 15:00:00,2.78,13.99,322.5
2022-03-29 18:00:00,2.78,13.759999,322.5
2022-03-29 21:00:00,2.77,13.57,322.5
2022-03-30 00:00:00,2.6799998,13.36,322.5
2022-03-30 03:00:00,2.6699998,13.33,322.5
2022-03-30 06:00:00,2.53,13.11,322.5
2022-03-30 09:00:00,2.48,13.03,337.5
2022-03-30 12:00:00,2.4199998,12.889999,337.5
2022-03-30 15:00:00,2.3799999,12.92,337.5
2022-03-30 18:00:00,2.33,12.94,337.5
2022-03-30 21:00:00,2.28,12.96,337.5
2022-03-31 00:00:00,2.1699998,12.71,352.5
2022-03-31 03:00:00,2.08,12.29,352.5
2022-03-31 06:00:00,2.12,12.259999,352.5
2022-03-31 09:00:00,2.03,11.9,352.5
2022-03-31 12:00:00,1.9599999,11.79,352.5
2022-03-31 15:00:00,1.8299999,11.639999,352.5
2022-03-31 18:00:00,1.73,11.34,352.5
2022-03-31 21:00:00,1.68,11.09,352.5
2022-04-01 00:00:00,1.67,11.33,322.5
2022-04-01 03:00:00,1.63,11.7,322.5
2022-04-01 06:00:00,1.75,11.88,322.5
2022-04-01 09:00:00,1.9599999,11.99,322.5
2022-04-01 12:00:00,2.1399999,17.16,322.5
2022-04-01 15:00:00,2.34,17.16,322.5
2022-04-01 18:00:00,2.59,17.23,322.5
2022-04-01 21:00:00,2.8799999,17.24,322.5
2022-04-02 00:00:00,3.1299999,16.99,322.5
2022-04-02 03:00:00,3.27,16.43,322.5
2022-04-02 06:00:00,3.3,16.01,322.5
2022-04-02 09:00:00,3.34,15.7,322.5
2022-04-02 12:00:00,3.23,15.54,322.5
2022-04-02 15:00:00,3.33,15.87,322.5
2022-04-02 18:00:00,3.25,15.2,322.5
2022-04-02 21:00:00,3.24,14.78,322.5
2022-04-03 00:00:00,3.11,14.48,322.5
2022-04-03 03:00:00,3.1499999,14.41,322.5
2022-04-03 06:00:00,3.28,8.25,322.5
2022-04-03 09:00:00,3.29,8.36,322.5
2022-04-03 12:00:00,3.1799998,8.45,97.5
2022-04-03 15:00:00,3.02,8.57,97.5
2022-04-03 18:00:00,2.85,8.75,97.5
2022-04-03 21:00:00,2.81,8.889999,97.5
2022-04-04 00:00:00,2.81,8.849999,112.5
2022-04-04 03:00:00,2.79,8.849999,97.5
2022-04-04 06:00:00,2.75,8.679999,97.5
2022-04-04 09:00:00,2.78,8.63,97.5
2022-04-04 12:00:00,2.7,8.63,97.5
2022-04-04 15:00:00,2.6299999,8.74,97.5
2022-04-04 18:00:00,2.52,8.62,97.5
2022-04-04 21:00:00,2.6599998,9.12,112.5
2022-04-05 00:00:00,2.6699998,9.2699995,112.5
2022-04-05 03:00:00,2.57,9.23,112.5
2022-04-05 06:00:00,2.49,9.3,112.5
2022-04-05 09:00:00,2.3899999,9.33,112.5
2022-04-05 12:00:00,2.28,9.38,112.5
2022-04-05 15:00:00,2.19,9.45,112.5
2022-04-05 18:00:00,2.12,9.59,112.5
2022-04-05 21:00:00,2.05,9.71,112.5
2022-04-06 00:00:00,1.9799999,9.75,112.5
2022-04-06 03:00:00,1.92,9.74,112.5
2022-04-06 06:00:00,1.9,9.73,112.5
2022-04-06 09:00:00,1.91,9.8,112.5
2022-04-06 12:00:00,1.9,9.87,112.5
2022-04-06 15:00:00,1.8299999,9.73,322.5
2022-04-06 18:00:00,1.88,9.58,322.5
2022-04-06 21:00:00,2.06,10.059999,322.5
2022-04-07 00:00:00,2.19,9.599999,322.5
2022-04-07 03:00:00,2.4099998,9.15,322.5
2022-04-07 06:00:00,2.69,8.99,337.5
2022-04-07 09:00:00,3.0,8.87,337.5
2022-04-07 12:00:00,3.11,8.57,337.5
2022-04-07 15:00:00,3.1299999,8.51,322.5
2022-04-07 18:00:00,3.1599998,8.5199995,337.5
2022-04-07 21:00:00,3.09,8.61,322.5
2022-04-08 00:00:00,2.95,8.5199995,322.5
2022-04-08 03:00:00,2.82,8.46,322.5
2022-04-08 06:00:00,2.77,8.49,322.5
2022-04-08 09:00:00,2.6699998,8.42,67.5
2022-04-08 12:00:00,2.7,8.45,67.5
2022-04-08 15:00:00,2.6599998,8.46,67.5
2022-04-08 18:00:00,2.6299999,8.53,67.5
2022-04-08 21:00:00,2.7,8.82,67.5
2022-04-09 00:00:00,2.6399999,8.95,67.5
2022-04-09 03:00:00,2.58,9.0,67.5
2022-04-09 06:00:00,2.48,8.97,67.5
2022-04-09 09:00:00,2.35,8.83,112.5
2022-04-09 12:00:00,2.27,8.809999,112.5
2022-04-09 15:00:00,2.24,8.86,67.5
2022-04-09 18:00:00,2.1299999,8.55,97.5
2022-04-09 21:00:00,2.1499999,8.83,97.5
2022-04-10 00:00:00,2.1299999,8.91,97.5
2022-04-10 03:00:00,2.11,8.96,97.5
2022-04-10 06:00:00,2.09,8.98,97.5
2022-04-10 09:00:00,2.1,9.11,82.5
2022-04-10 12:00:00,2.12,9.24,82.5
2022-04-10 15:00:00,2.1399999,9.309999,82.5
2022-04-10 18:00:00,2.1599998,9.3,82.5
2022-04-10 21:00:00,2.24,9.429999,82.5
2022-04-11 00:00:00,2.31,9.51,82.5
2022-04-11 03:00:00,2.37,9.65,82.5
2022-04-11 06:00:00,2.3999999,9.8,82.5
2022-04-11 09:00:00,2.33,9.74,82.5
2022-04-11 12:00:00,2.29,9.8,82.5
2022-04-11 15:00:00,2.25,9.88,67.5
2022-04-11 18:00:00,2.22,9.99,67.5
2022-04-11 21:00:00,2.24,10.09,67.5
2022-04-12 00:00:00,2.26,10.12,67.5
2022-04-12 03:00:00,2.27,10.2,67.5
2022-04-12 06:00:00,2.28,10.2699995,82.5
2022-04-12 09:00:00,2.29,10.37,82.5
2022-04-12 12:00:00,2.26,10.389999,82.5
2022-04-12 15:00:00,2.23,10.37,82.5
2022-04-12 18:00:00,2.2,10.309999,82.5
2022-04-12 21:00:00,2.18,10.34,82.5
2022-04-13 00:00:00,2.1399999,10.309999,82.5
2022-04-13 03:00:00,2.1499999,10.3,82.5
2022-04-13 06:00:00,2.1399999,10.3,67.5
2022-04-13 09:00:00,2.12,10.28,67.5
2022-04-13 12:00:00,2.12,10.2699995,82.5
2022-04-13 15:00:00,2.09,10.28,67.5
2022-04-13 18:00:00,2.01,9.86,67.5
2022-04-13 21:00:00,1.9399999,9.69,67.5
2022-04-14 00:00:00,1.89,9.7699995,67.5
2022-04-14 03:00:00,1.87,9.84,67.5
2022-04-14 06:00:00,1.8299999,9.71,67.5
2022-04-14 09:00:00,1.8299999,9.69,82.5
2022-04-14 12:00:00,1.81,9.62,82.5
2022-04-14 15:00:00,1.78,9.51,82.5
2022-04-14 18:00:00,1.78,9.44,82.5
2022-04-14 21:00:00,1.75,9.3,97.5
2022-04-15 00:00:00,1.78,9.17,97.5
2022-04-15 03:00:00,1.8299999,9.04,97.5
2022-04-15 06:00:00,1.91,9.0199995,322.5
2022-04-15 09:00:00,1.9699999,8.99,322.5
2022-04-15 12:00:00,2.0,14.059999,322.5
2022-04-15 15:00:00,2.01,13.889999,322.5
2022-04-15 18:00:00,2.03,13.429999,322.5
2022-04-15 21:00:00,2.09,8.73,322.5
2022-04-16 00:00:00,2.08,8.55,322.5
2022-04-16 03:00:00,2.08,8.42,322.5
2022-04-16 06:00:00,2.3,8.679999,97.5
2022-04-16 09:00:00,2.34,8.45,97.5
2022-04-16 12:00:00,2.34,8.17,97.5
2022-04-16 15:00:00,2.34,8.15,97.5
2022-04-16 18:00:00,2.35,8.25,97.5
2022-04-16 21:00:00,2.35,8.34,97.5
2022-04-17 00:00:00,2.35,8.28,97.5
2022-04-17 03:00:00,2.37,8.12,97.5
2022-04-17 06:00:00,2.4299998,8.059999,97.5
2022-04-17 09:00:00,2.44,8.0199995,97.5
2022-04-17 12:00:00,2.4099998,7.99,97.5
2022-04-17 15:00:00,2.3999999,7.99,97.5
2022-04-17 18:00:00,2.37,7.96,97.5
2022-04-17 21:00:00,2.3899999,7.98,97.5
2022-04-18 00:00:00,2.45,7.7799997,97.5
2022-04-18 03:00:00,2.46,7.6699996,97.5
2022-04-18 06:00:00,2.46,7.6099997,97.5
2022-04-18 09:00:00,2.59,7.6499996,97.5
2022-04-18 12:00:00,2.53,7.5499997,97.5
2022-04-18 15:00:00,2.51,7.49,97.5
2022-04-18 18:00:00,2.45,7.46,97.5
2022-04-18 21:00:00,2.3899999,7.47,97.5
2022-04-19 00:00:00,2.31,7.39,97.5
2022-04-19 03:00:00,2.26,7.3199997,97.5
2022-04-19 06:00:00,2.23,7.24,337.5
2022-04-19 09:00:00,2.24,7.2,337.5
2022-04-19 12:00:00,2.18,12.36,337.5
2022-04-19 15:00:00,2.1399999,12.13,322.5
2022-04-19 18:00:00,2.1599998,11.88,322.5
2022-04-19 21:00:00,2.24,11.79,322.5
2022-04-20 00:00:00,2.26,11.719999,322.5
2022-04-20 03:00:00,2.23,17.619999,322.5
2022-04-20 06:00:00,2.2,17.039999,322.5
2022-04-20 09:00:00,2.21,16.38,322.5
2022-04-20 12:00:00,2.22,15.929999,337.5
2022-04-20 15:00:00,2.1599998,15.29,337.5
2022-04-20 18:00:00,2.18,14.9,337.5
2022-04-20 21:00:00,2.21,14.53,337.5
2022-04-21 00:00:00,2.22,14.2,337.5
2022-04-21 03:00:00,2.23,13.7699995,337.5
2022-04-21 06:00:00,2.23,13.679999,337.5
2022-04-21 09:00:00,2.24,13.44,337.5
2022-04-21 12:00:00,2.23,13.36,337.5
2022-04-21 15:00:00,2.21,13.179999,337.5
2022-04-21 18:00:00,2.23,13.04,337.5
2022-04-21 21:00:00,2.26,12.87,337.5
2022-04-22 00:00:00,2.22,12.639999,337.5
2022-04-22 03:00:00,2.19,12.45,352.5
2022-04-22 06:00:00,2.25,12.429999,337.5
2022-04-22 09:00:00,2.3899999,12.5199995,337.5
2022-04-22 12:00:00,2.3799999,12.259999,337.5
2022-04-22 15:00:00,2.34,12.08,352.5
2022-04-22 18:00:00,2.26,11.84,352.5
2022-04-22 21:00:00,2.18,11.59,352.5
2022-04-23 00:00:00,2.07,11.139999,352.5
2022-04-23 03:00:00,1.9699999,10.75,352.5
2022-04-23 06:00:00,1.9799999,10.25,112.5
2022-04-23 09:00:00,2.01,9.21,112.5
2022-04-23 12:00:00,2.06,18.25,337.5
2022-04-23 15:00:00,2.1399999,17.33,337.5
2022-04-23 18:00:00,2.35,17.27,337.5
2022-04-23 21:00:00,2.71,17.1,337.5
2022-04-24 00:00:00,2.81,16.18,337.5
2022-04-24 03:00:00,2.9099998,15.79,337.5
2022-04-24 06:00:00,2.95,15.42,337.5
2022-04-24 09:00:00,2.95,14.9,322.5
2022-04-24 12:00:00,2.8999999,14.53,322.5
2022-04-24 15:00:00,2.83,14.25,322.5
2022-04-24 18:00:00,2.76,14.009999,322.5
2022-04-24 21:00:00,2.7,13.73,322.5
2022-04-25 00:00:00,2.6299999,13.48,322.5
2022-04-25 03:00:00,2.55,13.25,322.5
2022-04-25 06:00:00,2.5,13.0199995,322.5
2022-04-25 09:00:00,2.45,12.75,322.5
2022-04-25 12:00:00,2.4099998,12.33,322.5
2022-04-25 15:00:00,2.36,12.05,322.5
2022-04-25 18:00:00,2.33,11.88,112.5
2022-04-25 21:00:00,2.31,11.71,112.5
2022-04-26 00:00:00,2.29,11.55,112.5
2022-04-26 03:00:00,2.28,11.259999,112.5
2022-04-26 06:00:00,2.25,10.719999,112.5
2022-04-26 09:00:00,2.23,10.38,112.5
2022-04-26 12:00:00,2.2,10.09,112.5
2022-04-26 15:00:00,2.1499999,9.92,112.5
2022-04-26 18:00:00,2.2,10.139999,97.5
2022-04-26 21:00:00,2.1699998,9.889999,97.5
2022-04-27 00:00:00,2.12,9.7,112.5
2022-04-27 03:00:00,2.04,9.5199995,112.5
2022-04-27 06:00:00,1.9699999,9.33,112.5
2022-04-27 09:00:00,1.9,9.15,112.5
2022-04-27 12:00:00,1.87,9.09,112.5
2022-04-27 15:00:00,1.86,9.059999,112.5
2022-04-27 18:00:00,1.8499999,9.04,112.5
2022-04-27 21:00:00,1.8299999,9.059999,112.5
2022-04-28 00:00:00,1.77,9.05,97.5
2022-04-28 03:00:00,1.7099999,9.03,97.5
2022-04-28 06:00:00,1.65,8.91,97.5
2022-04-28 09:00:00,1.61,8.65,112.5
2022-04-28 12:00:00,1.5999999,8.58,112.5
2022-04-28 15:00:00,1.61,8.639999,112.5
2022-04-28 18:00:00,1.62,8.66,112.5
2022-04-28 21:00:00,1.63,8.75,112.5
2022-04-29 00:00:00,1.63,8.9,112.5
2022-04-29 03:00:00,1.61,9.0,112.5
2022-04-29 06:00:00,1.65,9.179999,97.5
2022-04-29 09:00:00,1.5799999,9.28,97.5
2022-04-29 12:00:00,1.5999999,9.76,97.5
2022-04-29 15:00:00,1.62,10.11,112.5
2022-04-29 18:00:00,1.64,10.03,112.5
2022-04-29 21:00:00,1.65,9.95,112.5
2022-04-30 00:00:00,1.5999999,9.66,112.5
2022-04-30 03:00:00,1.5799999,9.38,97.5
2022-04-30 06:00:00,1.54,9.05,97.5
2022-04-30 09:00:00,1.65,8.94,97.5
2022-04-30 12:00:00,1.75,13.17,322.5
2022-04-30 15:00:00,1.87,13.009999,322.5
2022-04-30 18:00:00,1.99,12.799999,322.5
2022-04-30 21:00:00,2.1,12.54,322.5
2022-05-01 00:00:00,2.1299999,12.16,322.5
2022-05-01 03:00:00,2.1399999,11.95,322.5
2022-05-01 06:00:00,2.1599998,11.719999,112.5
2022-05-01 09:00:00,2.23,8.45,112.5
2022-05-01 12:00:00,2.24,8.24,112.5
2022-05-01 15:00:00,2.23,8.01,97.5
2022-05-01 18:00:00,2.27,7.89,97.5
2022-05-01 21:00:00,2.37,7.95,97.5
2022-05-02 00:00:00,2.35,7.8999996,97.5
2022-05-02 03:00:00,2.32,7.9199996,97.5
2022-05-02 06:00:00,2.34,7.97,97.5
2022-05-02 09:00:00,2.3899999,7.9199996,322.5
2022-05-02 12:00:00,2.52,17.69,322.5
2022-05-02 15:00:00,2.6599998,17.16,322.5
2022-05-02 18:00:00,2.79,17.029999,322.5
2022-05-02 21:00:00,2.83,16.97,322.5
2022-05-03 00:00:00,2.84,16.0,322.5
2022-05-03 03:00:00,2.9399998,15.45,322.5
2022-05-03 06:00:00,2.99,14.969999,322.5
2022-05-03 09:00:00,3.08,14.73,322.5
2022-05-03 12:00:00,3.05,14.46,322.5
2022-05-03 15:00:00,3.04,20.289999,322.5
2022-05-03 18:00:00,3.05,18.83,322.5
2022-05-03 21:00:00,3.1899998,18.8,322.5
2022-05-04 00:00:00,3.29,18.4,322.5
2022-05-04 03:00:00,3.32,17.52,322.5
2022-05-04 06:00:00,3.32,16.73,322.5
2022-05-04 09:00:00,3.35,16.14,322.5
2022-05-04 12:00:00,3.3899999,15.719999,322.5
2022-05-04 15:00:00,3.3899999,15.2699995,322.5
2022-05-04 18:00:00,3.34,14.799999,307.5
2022-05-04 21:00:00,3.24,14.46,307.5
2022-05-05 00:00:00,3.1,14.07,307.5
2022-05-05 03:00:00,2.98,13.54,307.5
2022-05-05 06:00:00,2.95,13.32,307.5
2022-05-05 09:00:00,3.05,13.08,307.5
2022-05-05 12:00:00,2.8899999,12.509999,307.5
2022-05-05 15:00:00,2.75,11.62,97.5
2022-05-05 18:00:00,2.62,10.679999,97.5
2022-05-05 21:00:00,2.59,10.33,97.5
2022-05-06 00:00:00,2.47,9.95,97.5
2022-05-06 03:00:00,2.37,9.74,97.5
2022-05-06 06:00:00,2.37,9.74,97.5
2022-05-06 09:00:00,2.31,9.389999,97.5
2022-05-06 12:00:00,2.32,8.91,97.5
2022-05-06 15:00:00,2.35,8.28,97.5
2022-05-06 18:00:00,2.33,8.24,97.5
2022-05-06 21:00:00,2.29,8.3,97.5
2022-05-07 00:00:00,2.24,8.32,97.5
2022-05-07 03:00:00,2.19,8.2699995,97.5
2022-05-07 06:00:00,2.21,8.22,112.5
2022-05-07 09:00:00,2.29,8.15,112.5
2022-05-07 12:00:00,2.28,8.07,112.5
2022-05-07 15:00:00,2.28,8.12,112.5
2022-05-07 18:00:00,2.31,8.17,112.5
2022-05-07 21:00:00,2.4299998,8.2699995,112.5
2022-05-08 00:00:00,2.4099998,8.34,112.5
2022-05-08 03:00:00,2.37,8.47,112.5
2022-05-08 06:00:00,2.33,8.429999,112.5
2022-05-08 09:00:00,2.3799999,8.559999,112.5
2022-05-08 12:00:00,2.33,8.679999,112.5
2022-05-08 15:00:00,2.28,8.74,112.5
2022-05-08 18:00:00,2.24,8.809999,112.5
2022-05-08 21:00:00,2.2,8.99,112.5
2022-05-09 00:00:00,2.12,9.059999,112.5
2022-05-09 03:00:00,2.03,9.08,112.5
2022-05-09 06:00:00,1.9799999,9.08,112.5
2022-05-09 09:00:00,1.9599999,9.059999,112.5
2022-05-09 12:00:00,1.93,9.07,112.5
2022-05-09 15:00:00,1.87,9.01,112.5
2022-05-09 18:00:00,1.9,8.75,97.5
2022-05-09 21:00:00,1.9499999,8.76,97.5
2022-05-10 00:00:00,1.9499999,8.7699995,97.5
2022-05-10 03:00:00,1.93,8.889999,97.5
2022-05-10 06:00:00,1.91,9.04,97.5
2022-05-10 09:00:00,1.92,9.17,97.5
2022-05-10 12:00:00,1.91,9.23,112.5
2022-05-10 15:00:00,1.91,9.26,112.5
2022-05-10 18:00:00,1.9799999,9.3,112.5
2022-05-10 21:00:00,2.09,9.2,97.5
2022-05-11 00:00:00,2.1399999,9.059999,97.5
2022-05-11 03:00:00,2.1299999,9.05,97.5
2022-05-11 06:00:00,2.11,9.15,97.5
2022-05-11 09:00:00,2.08,9.26,97.5
2022-05-11 12:00:00,2.09,9.44,97.5
2022-05-11 15:00:00,2.19,9.53,97.5
2022-05-11 18:00:00,2.26,9.3,97.5
2022-05-11 21:00:00,2.3,9.29,97.5
2022-05-12 00:00:00,2.25,9.28,97.5
2022-05-12 03:00:00,2.21,9.25,97.5
2022-05-12 06:00:00,2.28,9.94,82.5
2022-05-12 09:00:00,2.24,9.67,97.5
2022-05-12 12:00:00,2.24,9.41,97.5
2022-05-12 15:00:00,2.25,9.34,97.5
2022-05-12 18:00:00,2.27,9.37,97.5
2022-05-12 21:00:00,2.3,9.349999,97.5
2022-05-13 00:00:00,2.28,9.179999,97.5
2022-05-13 03:00:00,2.24,9.03,97.5
2022-05-13 06:00:00,2.1599998,8.83,97.5
2022-05-13 09:00:00,2.29,8.83,97.5
2022-05-13 12:00:00,2.29,8.7699995,97.5
2022-05-13 15:00:00,2.2,8.8,97.5
2022-05-13 18:00:00,2.1399999,8.849999,97.5
2022-05-13 21:00:00,2.1299999,8.91,112.5
2022-05-14 00:00:00,2.11,8.92,112.5
2022-05-14 03:00:00,2.07,8.94,112.5
2022-05-14 06:00:00,2.04,8.99,112.5
2022-05-14 09:00:00,1.9799999,9.03,97.5
2022-05-14 12:00:00,1.9399999,9.05,97.5
2022-05-14 15:00:00,1.92,9.04,97.5
2022-05-14 18:00:00,1.93,9.01,97.5
2022-05-14 21:00:00,1.89,8.929999,97.5
2022-05-15 00:00:00,1.8399999,8.91,97.5
2022-05-15 03:00:00,1.77,8.92,97.5
2022-05-15 06:00:00,1.6999999,8.9,97.5
2022-05-15 09:00:00,1.68,8.99,97.5
2022-05-15 12:00:00,1.62,9.03,97.5
2022-05-15 15:00:00,1.5699999,9.08,97.5
2022-05-15 18:00:00,1.56,9.23,97.5
2022-05-15 21:00:00,1.52,9.21,97.5
2022-05-16 00:00:00,1.5,9.179999,97.5
2022-05-16 03:00:00,1.49,9.23,97.5
2022-05-16 06:00:00,1.43,9.19,97.5
2022-05-16 09:00:00,1.4599999,9.38,97.5
2022-05-16 12:00:00,1.48,9.41,97.5
2022-05-16 15:00:00,1.48,9.36,97.5
2022-05-16 18:00:00,1.49,9.2,97.5
2022-05-16 21:00:00,1.52,9.34,97.5
2022-05-17 00:00:00,1.5,9.2699995,97.5
2022-05-17 03:00:00,1.4699999,9.21,97.5
2022-05-17 06:00:00,1.4399999,9.179999,97.5
2022-05-17 09:00:00,1.43,9.16,97.5
2022-05-17 12:00:00,1.4399999,9.2,97.5
2022-05-17 15:00:00,1.51,9.28,97.5
2022-05-17 18:00:00,1.68,9.34,187.5
2022-05-17 21:00:00,1.86,5.2599998,187.5
2022-05-18 00:00:00,1.9799999,5.77,187.5
2022-05-18 03:00:00,2.11,6.14,187.5
2022-05-18 06:00:00,2.31,6.47,187.5
2022-05-18 09:00:00,2.45,6.7799997,187.5
2022-05-18 12:00:00,2.59,7.35,187.5
2022-05-18 15:00:00,2.45,7.43,187.5
2022-05-18 18:00:00,2.35,7.39,187.5
2022-05-18 21:00:00,2.31,7.41,172.5
2022-05-19 00:00:00,2.3,7.43,307.5
2022-05-19 03:00:00,2.3999999,7.45,307.5
2022-05-19 06:00:00,2.58,8.0,307.5
2022-05-19 09:00:00,2.9099998,8.849999,307.5
2022-05-19 12:00:00,2.9399998,9.04,307.5
2022-05-19 15:00:00,2.81,8.84,307.5
2022-05-19 18:00:00,2.6,8.54,307.5
2022-05-19 21:00:00,2.48,8.44,187.5
2022-05-20 00:00:00,2.29,8.309999,187.5
2022-05-20 03:00:00,2.1299999,8.47,187.5
2022-05-20 06:00:00,2.0,8.7699995,187.5
2022-05-20 09:00:00,2.01,9.0,187.5
2022-05-20 12:00:00,1.99,9.11,187.5
2022-05-20 15:00:00,1.9399999,9.23,187.5
2022-05-20 18:00:00,1.89,9.429999,187.5
2022-05-20 21:00:00,1.9699999,9.8,187.5
2022-05-21 00:00:00,1.88,9.54,187.5
2022-05-21 03:00:00,1.76,9.25,187.5
2022-05-21 06:00:00,1.65,9.19,187.5
2022-05-21 09:00:00,1.5699999,9.19,187.5
2022-05-21 12:00:00,1.5,9.11,187.5
2022-05-21 15:00:00,1.4599999,9.03,187.5
2022-05-21 18:00:00,1.4499999,9.059999,187.5
2022-05-21 21:00:00,1.4399999,9.0199995,187.5
2022-05-22 00:00:00,1.43,9.01,187.5
2022-05-22 03:00:00,1.42,9.0,187.5
2022-05-22 06:00:00,1.38,9.0,187.5
2022-05-22 09:00:00,1.37,9.05,187.5
2022-05-22 12:00:00,1.26,8.8,187.5
2022-05-22 15:00:00,1.18,8.599999,187.5
2022-05-22 18:00:00,1.23,8.9,187.5
2022-05-22 21:00:00,1.1999999,8.88,187.5
2022-05-23 00:00:00,1.1999999,8.9,187.5
2022-05-23 03:00:00,1.22,8.86,187.5
2022-05-23 06:00:00,1.23,8.849999,187.5
2022-05-23 09:00:00,1.22,8.78,187.5
2022-05-23 12:00:00,1.24,8.76,187.5
2022-05-23 15:00:00,1.29,15.03,187.5
2022-05-23 18:00:00,1.35,8.79,187.5
2022-05-23 21:00:00,1.4,8.71,112.5
2022-05-24 00:00:00,1.4,8.47,112.5
2022-05-24 03:00:00,1.42,8.23,112.5
2022-05-24 06:00:00,1.4399999,8.11,97.5
2022-05-24 09:00:00,1.4599999,7.99,97.5
2022-05-24 12:00:00,1.51,8.01,97.5
2022-05-24 15:00:00,1.52,8.0199995,97.5
2022-05-24 18:00:00,1.53,8.09,97.5
2022-05-24 21:00:00,1.62,8.349999,97.5
2022-05-25 00:00:00,1.62,8.36,337.5
2022-05-25 03:00:00,1.64,8.349999,337.5
2022-05-25 06:00:00,1.63,8.15,337.5
2022-05-25 09:00:00,1.64,8.15,337.5
2022-05-25 12:00:00,1.65,8.28,337.5
2022-05-25 15:00:00,1.66,10.88,337.5
2022-05-25 18:00:00,1.66,11.059999,337.5
2022-05-25 21:00:00,1.65,10.929999,337.5
2022-05-26 00:00:00,1.62,10.78,337.5
2022-05-26 03:00:00,1.64,10.78,337.5
2022-05-26 06:00:00,1.64,10.8,337.5
2022-05-26 09:00:00,1.64,10.75,337.5
2022-05-26 12:00:00,1.63,10.67,337.5
2022-05-26 15:00:00,1.63,10.5199995,337.5
2022-05-26 18:00:00,1.66,10.37,337.5
2022-05-26 21:00:00,1.61,10.099999,337.5
2022-05-27 00:00:00,1.55,9.92,337.5
2022-05-27 03:00:00,1.5799999,9.96,337.5
2022-05-27 06:00:00,1.51,9.59,337.5
2022-05-27 09:00:00,1.4699999,9.21,187.5
2022-05-27 12:00:00,1.42,21.05,187.5
2022-05-27 15:00:00,1.37,20.99,187.5
2022-05-27 18:00:00,1.3399999,20.68,187.5
2022-05-27 21:00:00,1.41,20.359999,187.5
2022-05-28 00:00:00,1.4499999,19.88,187.5
2022-05-28 03:00:00,1.4499999,19.529999,187.5
2022-05-28 06:00:00,1.4599999,19.22,187.5
2022-05-28 09:00:00,1.4399999,18.57,187.5
2022-05-28 12:00:00,1.4699999,18.289999,187.5
2022-05-28 15:00:00,1.48,17.85,187.5
2022-05-28 18:00:00,1.52,17.18,202.5
2022-05-28 21:00:00,1.54,16.42,202.5
2022-05-29 00:00:00,1.56,16.17,202.5
2022-05-29 03:00:00,1.56,16.19,187.5
2022-05-29 06:00:00,1.53,15.98,187.5
2022-05-29 09:00:00,1.5699999,16.289999,187.5
2022-05-29 12:00:00,1.53,15.599999,187.5
2022-05-29 15:00:00,1.51,14.96,187.5
2022-05-29 18:00:00,1.5999999,14.839999,187.5
2022-05-29 21:00:00,1.56,14.45,187.5
2022-05-30 00:00:00,1.49,14.09,187.5
2022-05-30 03:00:00,1.4399999,13.7699995,187.5
2022-05-30 06:00:00,1.41,13.219999,187.5
2022-05-30 09:00:00,1.37,12.679999,187.5
2022-05-30 12:00:00,1.38,12.49,187.5
2022-05-30 15:00:00,1.36,12.08,187.5
2022-05-30 18:00:00,1.3399999,11.759999,187.5
2022-05-30 21:00:00,1.3399999,11.66,187.5
2022-05-31 00:00:00,1.31,11.41,187.5
2022-05-31 03:00:00,1.28,11.08,187.5
2022-05-31 06:00:00,1.26,10.87,187.5
2022-05-31 09:00:00,1.24,10.74,187.5
2022-05-31 12:00:00,1.27,18.539999,187.5
2022-05-31 15:00:00,1.31,18.74,187.5
2022-05-31 18:00:00,1.38,19.08,187.5
2022-05-31 21:00:00,1.43,18.97,187.5
2022-06-01 00:00:00,1.4499999,18.66,187.5
2022-06-01 03:00:00,1.4499999,18.039999,187.5
2022-06-01 06:00:00,1.55,18.05,187.5
2022-06-01 09:00:00,1.52,17.449999,187.5
2022-06-01 12:00:00,1.5899999,18.02,187.5
2022-06-01 15:00:00,1.54,17.19,187.5
2022-06-01 18:00:00,1.56,16.66,187.5
2022-06-01 21:00:00,1.5699999,16.38,187.5
2022-06-02 00:00:00,1.54,15.9,187.5
2022-06-02 03:00:00,1.4699999,15.429999,187.5
2022-06-02 06:00:00,1.42,15.139999,187.5
2022-06-02 09:00:00,1.39,14.98,187.5
2022-06-02 12:00:00,1.35,14.849999,187.5
2022-06-02 15:00:00,1.3399999,14.7,187.5
2022-06-02 18:00:00,1.3299999,14.61,187.5
2022-06-02 21:00:00,1.3299999,14.5,187.5
2022-06-03 00:00:00,1.3399999,14.33,187.5
2022-06-03 03:00:00,1.3299999,14.07,187.5
2022-06-03 06:00:00,1.3399999,13.759999,187.5
2022-06-03 09:00:00,1.3199999,13.28,187.5
2022-06-03 12:00:00,1.31,13.37,187.5
2022-06-03 15:00:00,1.31,13.889999,187.5
2022-06-03 18:00:00,1.3,13.58,187.5
2022-06-03 21:00:00,1.3299999,13.009999,187.5
2022-06-04 00:00:00,1.25,13.099999,187.5
2022-06-04 03:00:00,1.1899999,13.219999,187.5
2022-06-04 06:00:00,1.15,13.009999,187.5
2022-06-04 09:00:00,1.12,12.809999,187.5
2022-06-04 12:00:00,1.1,12.759999,187.5
2022-06-04 15:00:00,1.0799999,12.78,187.5
2022-06-04 18:00:00,1.01,10.94,187.5
2022-06-04 21:00:00,1.04,11.99,187.5
2022-06-05 00:00:00,1.05,12.559999,187.5
2022-06-05 03:00:00,1.05,12.969999,187.5
2022-06-05 06:00:00,1.06,12.86,187.5
2022-06-05 09:00:00,1.03,12.389999,187.5
2022-06-05 12:00:00,1.04,12.2699995,187.5
2022-06-05 15:00:00,1.0699999,12.45,307.5
2022-06-05 18:00:00,1.13,12.3,307.5
2022-06-05 21:00:00,1.17,11.99,307.5
2022-06-06 00:00:00,1.2099999,11.7,307.5
2022-06-06 03:00:00,1.24,11.34,307.5
2022-06-06 06:00:00,1.25,11.099999,307.5
2022-06-06 09:00:00,1.25,10.849999,322.5
2022-06-06 12:00:00,1.26,10.62,307.5
2022-06-06 15:00:00,1.26,10.469999,307.5
2022-06-06 18:00:00,1.27,10.4,307.5
2022-06-06 21:00:00,1.26,10.44,322.5
2022-06-07 00:00:00,1.24,10.51,322.5
2022-06-07 03:00:00,1.23,10.58,322.5
2022-06-07 06:00:00,1.27,11.94,322.5
2022-06-07 09:00:00,1.24,11.95,322.5
2022-06-07 12:00:00,1.1999999,11.429999,322.5
2022-06-07 15:00:00,1.17,10.83,322.5
2022-06-07 18:00:00,1.17,10.49,322.5
2022-06-07 21:00:00,1.25,10.69,322.5
2022-06-08 00:00:00,1.23,10.349999,172.5
2022-06-08 03:00:00,1.1999999,10.08,172.5
2022-06-08 06:00:00,1.16,9.929999,307.5
2022-06-08 09:00:00,1.11,9.65,172.5
2022-06-08 12:00:00,1.11,9.469999,172.5
2022-06-08 15:00:00,1.09,9.38,172.5
2022-06-08 18:00:00,1.09,9.3,172.5
2022-06-08 21:00:00,1.11,9.23,172.5
2022-06-09 00:00:00,1.09,8.88,172.5
2022-06-09 03:00:00,1.0699999,8.55,172.5
2022-06-09 06:00:00,1.06,14.259999,172.5
2022-06-09 09:00:00,1.05,14.11,172.5
2022-06-09 12:00:00,1.06,13.95,172.5
2022-06-09 15:00:00,1.0699999,13.98,157.5
2022-06-09 18:00:00,1.0799999,13.679999,157.5
2022-06-09 21:00:00,1.09,8.88,112.5
2022-06-10 00:00:00,1.1,8.66,112.5
2022-06-10 03:00:00,1.11,8.44,112.5
2022-06-10 06:00:00,1.11,8.25,112.5
2022-06-10 09:00:00,1.12,8.09,112.5
2022-06-10 12:00:00,1.11,7.98,112.5
2022-06-10 15:00:00,1.0799999,7.77,112.5
2022-06-10 18:00:00,1.0699999,7.66,112.5
2022-06-10 21:00:00,1.0799999,7.56,112.5
2022-06-11 00:00:00,1.09,7.5099998,112.5
2022-06-11 03:00:00,1.1,7.5699997,112.5
2022-06-11 06:00:00,1.11,7.81,112.5
2022-06-11 09:00:00,1.09,7.94,112.5
2022-06-11 12:00:00,1.13,8.179999,112.5
2022-06-11 15:00:00,1.2099999,8.41,112.5
2022-06-11 18:00:00,1.28,8.57,112.5
2022-06-11 21:00:00,1.36,8.71,112.5
2022-06-12 00:00:00,1.36,8.55,112.5
2022-06-12 03:00:00,1.36,8.42,112.5
2022-06-12 06:00:00,1.4,8.2699995,112.5
2022-06-12 09:00:00,1.49,8.11,112.5
2022-06-12 12:00:00,1.64,5.72,112.5
2022-06-12 15:00:00,1.76,6.31,112.5
2022-06-12 18:00:00,1.8499999,6.56,112.5
2022-06-12 21:00:00,1.89,6.72,112.5
2022-06-13 00:00:00,1.89,6.81,112.5
2022-06-13 03:00:00,1.89,6.99,112.5
2022-06-13 06:00:00,1.92,7.22,112.5
2022-06-13 09:00:00,1.93,7.2799997,112.5
2022-06-13 12:00:00,1.93,7.23,112.5
2022-06-13 15:00:00,1.86,7.1299996,112.5
2022-06-13 18:00:00,1.8399999,7.22,112.5
2022-06-13 21:00:00,1.8199999,7.49,112.5
2022-06-14 00:00:00,1.8,7.68,112.5
2022-06-14 03:00:00,1.79,7.85,112.5
2022-06-14 06:00:00,1.78,8.24,112.5
2022-06-14 09:00:00,1.81,8.309999,112.5
2022-06-14 12:00:00,1.8299999,8.16,112.5
2022-06-14 15:00:00,1.8299999,7.8999996,112.5
2022-06-14 18:00:00,1.8299999,7.7599998,112.5
2022-06-14 21:00:00,1.8199999,7.79,112.5
2022-06-15 00:00:00,1.81,7.8199997,112.5
2022-06-15 03:00:00,1.8299999,7.81,112.5
2022-06-15 06:00:00,1.88,7.68,112.5
2022-06-15 09:00:00,1.93,7.45,112.5
2022-06-15 12:00:00,1.99,7.2999997,112.5
2022-06-15 15:00:00,2.21,6.93,97.5
2022-06-15 18:00:00,2.3799999,7.1,82.5
2022-06-15 21:00:00,2.37,7.3799996,82.5
2022-06-16 00:00:00,2.33,7.41,82.5
2022-06-16 03:00:00,2.23,7.37,82.5
2022-06-16 06:00:00,2.1699998,7.2799997,82.5
2022-06-16 09:00:00,2.1399999,7.2799997,82.5
2022-06-16 12:00:00,2.09,7.31,82.5
2022-06-16 15:00:00,2.07,7.43,82.5
2022-06-16 18:00:00,2.08,7.49,82.5
2022-06-16 21:00:00,2.2,7.6099997,82.5
2022-06-17 00:00:00,2.22,7.77,82.5
2022-06-17 03:00:00,2.2,7.9199996,82.5
2022-06-17 06:00:00,2.12,7.96,82.5
2022-06-17 09:00:00,2.08,8.01,82.5
2022-06-17 12:00:00,2.03,7.95,82.5
2022-06-17 15:00:00,1.9799999,7.89,82.5
2022-06-17 18:00:00,2.04,8.05,82.5
2022-06-17 21:00:00,2.05,8.17,82.5
2022-06-18 00:00:00,2.01,8.179999,82.5
2022-06-18 03:00:00,1.9599999,8.17,82.5
2022-06-18 06:00:00,1.92,8.139999,82.5
2022-06-18 09:00:00,1.89,8.13,82.5
2022-06-18 12:00:00,1.8199999,8.08,82.5
2022-06-18 15:00:00,1.8199999,8.139999,82.5
2022-06-18 18:00:00,1.86,8.22,82.5
2022-06-18 21:00:00,1.89,8.28,82.5
2022-06-19 00:00:00,1.9399999,8.389999,322.5
2022-06-19 03:00:00,2.0,15.0,322.5
2022-06-19 06:00:00,2.05,14.38,322.5
2022-06-19 09:00:00,2.1399999,14.13,322.5
2022-06-19 12:00:00,2.1699998,13.73,322.5
2022-06-19 15:00:00,2.1699998,13.29,322.5
2022-06-19 18:00:00,2.18,12.96,322.5
2022-06-19 21:00:00,2.21,12.759999,322.5
2022-06-20 00:00:00,2.1399999,12.33,322.5
2022-06-20 03:00:00,2.07,12.04,322.5
2022-06-20 06:00:00,1.9799999,11.84,322.5
2022-06-20 09:00:00,1.9599999,8.41,322.5
2022-06-20 12:00:00,1.89,8.32,322.5
2022-06-20 15:00:00,1.86,8.2699995,112.5
2022-06-20 18:00:00,1.8199999,8.12,97.5
2022-06-20 21:00:00,1.81,8.08,97.5
2022-06-21 00:00:00,1.75,8.09,97.5
2022-06-21 03:00:00,1.6999999,8.11,187.5
2022-06-21 06:00:00,1.65,8.12,187.5
2022-06-21 09:00:00,1.62,8.11,187.5
2022-06-21 12:00:00,1.62,19.43,187.5
2022-06-21 15:00:00,1.63,19.35,187.5
2022-06-21 18:00:00,1.62,19.09,187.5
2022-06-21 21:00:00,1.5899999,18.619999,187.5
2022-06-22 00:00:00,1.5899999,18.1,187.5
2022-06-22 03:00:00,1.61,17.89,187.5
2022-06-22 06:00:00,1.64,17.71,187.5
2022-06-22 09:00:00,1.7199999,17.43,187.5
2022-06-22 12:00:00,1.7199999,17.01,187.5
2022-06-22 15:00:00,1.73,16.6,187.5
2022-06-22 18:00:00,1.75,16.43,187.5
2022-06-22 21:00:00,1.78,8.0,187.5
2022-06-23 00:00:00,1.78,8.0199995,82.5
2022-06-23 03:00:00,1.78,8.01,82.5
2022-06-23 06:00:00,1.8,8.03,82.5
2022-06-23 09:00:00,1.8399999,8.15,82.5
2022-06-23 12:00:00,1.8,8.17,82.5
2022-06-23 15:00:00,1.8,8.2699995,82.5
2022-06-23 18:00:00,1.8199999,8.47,82.5
2022-06-23 21:00:00,1.8399999,8.62,82.5
2022-06-24 00:00:00,1.8,8.7,82.5
2022-06-24 03:00:00,1.76,8.71,97.5
2022-06-24 06:00:00,1.7199999,8.69,97.5
2022-06-24 09:00:00,1.73,8.7,97.5
2022-06-24 12:00:00,1.68,8.55,97.5
2022-06-24 15:00:00,1.6899999,8.45,82.5
2022-06-24 18:00:00,1.74,8.29,82.5
2022-06-24 21:00:00,1.68,8.04,82.5
2022-06-25 00:00:00,1.64,7.96,82.5
2022-06-25 03:00:00,1.5999999,7.91,82.5
2022-06-25 06:00:00,1.56,7.8999996,82.5
2022-06-25 09:00:00,1.56,7.93,67.5
2022-06-25 12:00:00,1.55,7.99,67.5
2022-06-25 15:00:00,1.53,8.059999,67.5
2022-06-25 18:00:00,1.52,8.11,67.5
2022-06-25 21:00:00,1.51,8.16,67.5
2022-06-26 00:00:00,1.5,8.2699995,67.5
2022-06-26 03:00:00,1.4699999,8.429999,67.5
2022-06-26 06:00:00,1.42,8.94,67.5
2022-06-26 09:00:00,1.42,9.73,67.5
2022-06-26 12:00:00,1.4,9.84,67.5
2022-06-26 15:00:00,1.39,9.84,67.5
2022-06-26 18:00:00,1.4,9.7699995,67.5
2022-06-26 21:00:00,1.4399999,9.75,67.5
2022-06-27 00:00:00,1.4399999,9.63,67.5
2022-06-27 03:00:00,1.4499999,17.96,172.5
2022-06-27 06:00:00,1.53,17.91,187.5
2022-06-27 09:00:00,1.55,17.35,172.5
2022-06-27 12:00:00,1.53,16.789999,187.5
2022-06-27 15:00:00,1.52,16.26,187.5
2022-06-27 18:00:00,1.5799999,16.05,187.5
2022-06-27 21:00:00,1.66,15.73,187.5
2022-06-28 00:00:00,1.67,15.5,187.5
2022-06-28 03:00:00,1.68,15.25,187.5
2022-06-28 06:00:00,1.6999999,15.08,187.5
2022-06-28 09:00:00,1.79,15.62,187.5
2022-06-28 12:00:00,1.77,16.73,187.5
2022-06-28 15:00:00,1.74,16.97,187.5
2022-06-28 18:00:00,1.73,17.05,187.5
2022-06-28 21:00:00,1.8,17.08,187.5
2022-06-29 00:00:00,1.8199999,17.05,187.5
2022-06-29 03:00:00,1.8199999,17.01,187.5
2022-06-29 06:00:00,1.8299999,16.72,187.5
2022-06-29 09:00:00,1.8399999,16.5,187.5
2022-06-29 12:00:00,1.8399999,16.63,187.5
2022-06-29 15:00:00,1.8499999,16.92,187.5
2022-06-29 18:00:00,1.88,17.08,187.5
2022-06-29 21:00:00,1.92,16.94,187.5
2022-06-30 00:00:00,1.9399999,16.49,187.5
2022-06-30 03:00:00,1.92,6.71,187.5
2022-06-30 06:00:00,2.01,6.81,187.5
2022-06-30 09:00:00,2.12,6.91,187.5
2022-06-30 12:00:00,2.1,6.93,187.5
2022-06-30 15:00:00,2.1299999,7.02,187.5
2022-06-30 18:00:00,2.11,7.14,97.5
2022-06-30 21:00:00,2.1499999,7.37,97.5
2022-07-01 00:00:00,2.11,7.48,97.5
2022-07-01 03:00:00,2.06,7.56,97.5
2022-07-01 06:00:00,2.04,7.6099997,97.5
2022-07-01 09:00:00,2.1699998,7.79,97.5
2022-07-01 12:00:00,2.2,7.74,112.5
2022-07-01 15:00:00,2.28,7.83,112.5
2022-07-01 18:00:00,2.33,7.9199996,112.5
2022-07-01 21:00:00,2.34,7.97,112.5
2022-07-02 00:00:00,2.28,7.94,112.5
2022-07-02 03:00:00,2.2,7.94,112.5
2022-07-02 06:00:00,2.1499999,7.96,97.5
2022-07-02 09:00:00,2.22,8.01,97.5
2022-07-02 12:00:00,2.25,7.77,97.5
2022-07-02 15:00:00,2.36,7.71,97.5
2022-07-02 18:00:00,2.44,7.8599997,97.5
2022-07-02 21:00:00,2.6299999,8.16,82.5
2022-07-03 00:00:00,2.53,8.25,82.5
2022-07-03 03:00:00,2.48,8.28,97.5
2022-07-03 06:00:00,2.4199998,8.19,97.5
2022-07-03 09:00:00,2.3799999,8.12,97.5
2022-07-03 12:00:00,2.35,8.139999,82.5
2022-07-03 15:00:00,2.35,8.23,82.5
2022-07-03 18:00:00,2.29,8.28,97.5
2022-07-03 21:00:00,2.24,8.309999,97.5
2022-07-04 00:00:00,2.24,8.34,97.5
2022-07-04 03:00:00,2.22,8.33,97.5
2022-07-04 06:00:00,2.22,8.32,97.5
2022-07-04 09:00:00,2.29,8.309999,97.5
2022-07-04 12:00:00,2.27,8.2699995,97.5
2022-07-04 15:00:00,2.26,8.23,97.5
2022-07-04 18:00:00,2.26,8.2,97.5
2022-07-04 21:00:00,2.36,8.24,97.5
2022-07-05 00:00:00,2.33,8.22,97.5
2022-07-05 03:00:00,2.28,8.23,97.5
2022-07-05 06:00:00,2.26,8.23,97.5
2022-07-05 09:00:00,2.28,8.2,97.5
2022-07-05 12:00:00,2.18,8.13,97.5
2022-07-05 15:00:00,2.1499999,8.07,97.5
2022-07-05 18:00:00,2.1499999,8.03,97.5
2022-07-05 21:00:00,2.23,8.19,97.5
2022-07-06 00:00:00,2.1,8.2,97.5
2022-07-06 03:00:00,2.01,8.179999,97.5
2022-07-06 06:00:00,1.92,8.08,97.5
2022-07-06 09:00:00,1.9499999,8.04,97.5
2022-07-06 12:00:00,1.9799999,7.87,97.5
2022-07-06 15:00:00,2.01,7.71,97.5
2022-07-06 18:00:00,2.03,7.77,97.5
2022-07-06 21:00:00,2.08,7.81,97.5
2022-07-07 00:00:00,2.1399999,7.71,67.5
2022-07-07 03:00:00,2.1599998,7.6,67.5
2022-07-07 06:00:00,2.11,7.5499997,67.5
2022-07-07 09:00:00,2.06,7.48,67.5
2022-07-07 12:00:00,1.9799999,7.3999996,82.5
2022-07-07 15:00:00,1.92,7.3399997,97.5
2022-07-07 18:00:00,1.77,7.02,97.5
2022-07-07 21:00:00,1.77,6.97,97.5
2022-07-08 00:00:00,1.7099999,6.89,97.5
2022-07-08 03:00:00,1.6899999,6.8999996,97.5
2022-07-08 06:00:00,1.73,6.8799996,97.5
2022-07-08 09:00:00,1.8399999,6.7999997,97.5
2022-07-08 12:00:00,1.8299999,6.73,112.5
2022-07-08 15:00:00,1.8299999,6.7999997,112.5
2022-07-08 18:00:00,1.8499999,6.85,112.5
2022-07-08 21:00:00,1.81,6.87,112.5
2022-07-09 00:00:00,1.76,6.92,112.5
2022-07-09 03:00:00,1.75,6.98,112.5
2022-07-09 06:00:00,1.8,7.04,112.5
2022-07-09 09:00:00,1.8499999,6.96,112.5
2022-07-09 12:00:00,1.91,6.92,112.5
2022-07-09 15:00:00,1.8499999,6.8399997,112.5
2022-07-09 18:00:00,1.89,6.95,112.5
2022-07-09 21:00:00,1.8399999,6.99,112.5
2022-07-10 00:00:00,1.8199999,7.02,112.5
2022-07-10 03:00:00,1.81,7.0,112.5
2022-07-10 06:00:00,1.8499999,6.97,112.5
2022-07-10 09:00:00,1.86,6.8599997,112.5
2022-07-10 12:00:00,1.8299999,6.8399997,112.5
2022-07-10 15:00:00,1.8399999,6.91,112.5
2022-07-10 18:00:00,1.91,7.0499997,112.5
2022-07-10 21:00:00,1.91,7.22,112.5
2022-07-11 00:00:00,1.91,7.3399997,112.5
2022-07-11 03:00:00,1.91,7.43,112.5
2022-07-11 06:00:00,1.9399999,7.48,112.5
2022-07-11 09:00:00,2.0,7.5,112.5
2022-07-11 12:00:00,1.92,7.31,112.5
2022-07-11 15:00:00,1.9,7.31,112.5
2022-07-11 18:00:00,1.89,7.44,112.5
2022-07-11 21:00:00,1.86,7.62,112.5
2022-07-12 00:00:00,1.8499999,7.74,112.5
2022-07-12 03:00:00,1.86,7.75,112.5
2022-07-12 06:00:00,1.91,7.69,112.5
2022-07-12 09:00:00,1.9499999,7.6699996,112.5
2022-07-12 12:00:00,1.92,7.6499996,112.5
2022-07-12 15:00:00,1.92,7.7599998,112.5
2022-07-12 18:00:00,2.0,8.0199995,112.5
2022-07-12 21:00:00,1.9399999,8.0199995,112.5
2022-07-13 00:00:00,1.91,8.0199995,112.5
2022-07-13 03:00:00,1.91,8.03,112.5
2022-07-13 06:00:00,1.91,7.96,187.5
2022-07-13 09:00:00,1.9799999,7.8399997,187.5
2022-07-13 12:00:00,2.0,7.5299997,187.5
2022-07-13 15:00:00,1.99,7.47,187.5
2022-07-13 18:00:00,2.01,7.5299997,187.5
2022-07-13 21:00:00,2.02,7.5699997,187.5
2022-07-14 00:00:00,2.02,7.68,187.5
2022-07-14 03:00:00,2.02,7.85,187.5
2022-07-14 06:00:00,2.07,8.08,187.5
2022-07-14 09:00:00,2.12,8.23,187.5
2022-07-14 12:00:00,2.19,8.179999,97.5
2022-07-14 15:00:00,2.22,8.059999,97.5
2022-07-14 18:00:00,2.25,8.2,97.5
2022-07-14 21:00:00,2.19,8.3,97.5
2022-07-15 00:00:00,2.11,8.38,97.5
2022-07-15 03:00:00,2.04,8.46,97.5
2022-07-15 06:00:00,2.02,8.49,97.5
2022-07-15 09:00:00,2.04,8.45,97.5
2022-07-15 12:00:00,2.02,8.26,97.5
2022-07-15 15:00:00,2.02,8.059999,97.5
2022-07-15 18:00:00,2.11,8.059999,97.5
2022-07-15 21:00:00,2.08,8.04,97.5
2022-07-16 00:00:00,2.07,8.059999,97.5
2022-07-16 03:00:00,2.01,8.05,97.5
2022-07-16 06:00:00,1.9699999,7.99,97.5
2022-07-16 09:00:00,2.02,7.91,97.5
2022-07-16 12:00:00,2.03,7.7,187.5
2022-07-16 15:00:00,1.9799999,7.6099997,187.5
2022-07-16 18:00:00,1.9599999,21.369999,187.5
2022-07-16 21:00:00,1.9599999,21.08,187.5
2022-07-17 00:00:00,1.9799999,20.96,187.5
2022-07-17 03:00:00,2.02,20.73,187.5
2022-07-17 06:00:00,2.12,20.48,187.5
2022-07-17 09:00:00,2.28,20.24,187.5
2022-07-17 12:00:00,2.4299998,20.24,187.5
2022-07-17 15:00:00,2.51,19.92,187.5
2022-07-17 18:00:00,2.8799999,20.68,187.5
2022-07-17 21:00:00,2.8899999,19.96,187.5
2022-07-18 00:00:00,2.9099998,19.73,187.5
2022-07-18 03:00:00,2.82,19.51,187.5
2022-07-18 06:00:00,2.81,19.32,187.5
2022-07-18 09:00:00,2.7,18.789999,187.5
2022-07-18 12:00:00,2.73,18.55,187.5
2022-07-18 15:00:00,2.6799998,18.39,187.5
2022-07-18 18:00:00,2.6,18.109999,187.5
2022-07-18 21:00:00,2.47,17.77,187.5
2022-07-19 00:00:00,2.37,17.56,172.5
2022-07-19 03:00:00,2.3,17.35,172.5
2022-07-19 06:00:00,2.3799999,17.23,172.5
2022-07-19 09:00:00,2.36,17.1,187.5
2022-07-19 12:00:00,2.31,17.16,187.5
2022-07-19 15:00:00,2.27,7.72,187.5
2022-07-19 18:00:00,2.28,7.9199996,172.5
2022-07-19 21:00:00,2.1599998,7.87,172.5
2022-07-20 00:00:00,2.08,7.83,172.5
2022-07-20 03:00:00,2.05,7.73,112.5
2022-07-20 06:00:00,2.09,7.6699996,112.5
2022-07-20 09:00:00,2.09,7.5499997,112.5
2022-07-20 12:00:00,2.04,7.48,112.5
2022-07-20 15:00:00,2.01,7.44,112.5
2022-07-20 18:00:00,2.0,7.4199996,112.5
2022-07-20 21:00:00,1.9399999,7.4199996,112.5
2022-07-21 00:00:00,1.87,7.43,112.5
2022-07-21 03:00:00,1.81,7.4199996,112.5
2022-07-21 06:00:00,1.8199999,7.46,112.5
2022-07-21 09:00:00,1.8399999,7.39,112.5
2022-07-21 12:00:00,1.89,7.24,112.5
2022-07-21 15:00:00,1.93,7.17,112.5
2022-07-21 18:00:00,1.9499999,7.25,112.5
2022-07-21 21:00:00,1.9499999,7.3999996,112.5
2022-07-22 00:00:00,1.92,7.5299997,112.5
2022-07-22 03:00:00,1.88,7.56,112.5
2022-07-22 06:00:00,1.93,7.89,112.5
2022-07-22 09:00:00,1.88,7.6299996,112.5
2022-07-22 12:00:00,1.8499999,7.58,112.5
2022-07-22 15:00:00,1.91,7.71,112.5
2022-07-22 18:00:00,1.8299999,7.6099997,112.5
2022-07-22 21:00:00,1.78,7.56,112.5
2022-07-23 00:00:00,1.73,7.52,112.5
2022-07-23 03:00:00,1.68,7.48,112.5
2022-07-23 06:00:00,1.67,7.47,112.5
2022-07-23 09:00:00,1.6899999,7.5699997,97.5
2022-07-23 12:00:00,1.67,7.49,97.5
2022-07-23 15:00:00,1.64,7.27,97.5
2022-07-23 18:00:00,1.5999999,7.12,97.5
2022-07-23 21:00:00,1.5699999,7.0499997,112.5
2022-07-24 00:00:00,1.52,7.0299997,112.5
2022-07-24 03:00:00,1.4699999,7.1,112.5
2022-07-24 06:00:00,1.4699999,7.3199997,112.5
2022-07-24 09:00:00,1.4399999,7.43,112.5
2022-07-24 12:00:00,1.4399999,7.56,97.5
2022-07-24 15:00:00,1.4499999,7.72,97.5
2022-07-24 18:00:00,1.43,13.44,97.5
2022-07-24 21:00:00,1.42,13.28,112.5
2022-07-25 00:00:00,1.4399999,13.0,112.5
2022-07-25 03:00:00,1.4699999,12.63,112.5
2022-07-25 06:00:00,1.52,12.37,112.5
2022-07-25 09:00:00,1.4499999,12.0,112.5
2022-07-25 12:00:00,1.53,12.29,97.5
2022-07-25 15:00:00,1.5699999,16.93,172.5
2022-07-25 18:00:00,1.61,16.42,172.5
2022-07-25 21:00:00,1.61,16.119999,172.5
2022-07-26 00:00:00,1.62,16.07,172.5
2022-07-26 03:00:00,1.62,16.02,172.5
2022-07-26 06:00:00,1.63,15.87,172.5
2022-07-26 09:00:00,1.6999999,15.759999,187.5
2022-07-26 12:00:00,1.74,15.4,172.5
2022-07-26 15:00:00,1.79,15.03,172.5
2022-07-26 18:00:00,1.8299999,14.67,172.5
2022-07-26 21:00:00,1.88,6.48,172.5
2022-07-27 00:00:00,1.9,6.5499997,172.5
2022-07-27 03:00:00,1.89,6.6099997,172.5
2022-07-27 06:00:00,1.9,6.69,97.5
2022-07-27 09:00:00,1.9,6.77,97.5
2022-07-27 12:00:00,1.86,6.8599997,97.5
2022-07-27 15:00:00,1.8,6.99,97.5
2022-07-27 18:00:00,1.75,7.2799997,97.5
2022-07-27 21:00:00,1.76,7.66,97.5
2022-07-28 00:00:00,1.75,7.8799996,97.5
2022-07-28 03:00:00,1.74,7.99,112.5
2022-07-28 06:00:00,1.78,8.139999,112.5
2022-07-28 09:00:00,1.77,8.07,112.5
2022-07-28 12:00:00,1.73,7.8999996,112.5
2022-07-28 15:00:00,1.68,7.6699996,97.5
2022-07-28 18:00:00,1.63,7.5299997,97.5
2022-07-28 21:00:00,1.5699999,7.3999996,97.5
2022-07-29 00:00:00,1.54,7.3199997,82.5
2022-07-29 03:00:00,1.52,7.29,187.5
2022-07-29 06:00:00,1.54,7.35,187.5
2022-07-29 09:00:00,1.5,7.17,187.5
2022-07-29 12:00:00,1.5,7.14,187.5
2022-07-29 15:00:00,1.52,7.27,172.5
2022-07-29 18:00:00,1.51,17.3,172.5
2022-07-29 21:00:00,1.48,16.92,172.5
2022-07-30 00:00:00,1.48,16.64,172.5
2022-07-30 03:00:00,1.4699999,16.42,172.5
2022-07-30 06:00:00,1.4699999,16.18,172.5
2022-07-30 09:00:00,1.48,15.91,172.5
2022-07-30 12:00:00,1.48,15.889999,172.5
2022-07-30 15:00:00,1.4699999,15.73,172.5
2022-07-30 18:00:00,1.4399999,15.4,172.5
2022-07-30 21:00:00,1.4499999,15.16,172.5
2022-07-31 00:00:00,1.41,14.79,172.5
2022-07-31 03:00:00,1.4399999,14.7,172.5
2022-07-31 06:00:00,1.37,14.38,187.5
2022-07-31 09:00:00,1.3399999,13.9,172.5
2022-07-31 12:00:00,1.39,13.62,172.5
2022-07-31 15:00:00,1.4699999,13.7,172.5
2022-07-31 18:00:00,1.63,14.059999,172.5
2022-07-31 21:00:00,1.91,6.37,172.5
2022-08-01 00:00:00,1.9599999,6.7999997,172.5
2022-08-01 03:00:00,1.9599999,6.97,172.5
2022-08-01 06:00:00,1.92,7.08,172.5
2022-08-01 09:00:00,1.9799999,7.1499996,172.5
2022-08-01 12:00:00,2.05,6.99,172.5
2022-08-01 15:00:00,2.11,7.0899997,172.5
2022-08-01 18:00:00,2.24,7.3999996,172.5
2022-08-01 21:00:00,2.27,7.5299997,97.5
2022-08-02 00:00:00,2.33,7.6699996,82.5
2022-08-02 03:00:00,2.3799999,7.9199996,67.5
2022-08-02 06:00:00,2.47,8.09,67.5
2022-08-02 09:00:00,2.53,8.17,67.5
2022-08-02 12:00:00,2.54,8.23,67.5
2022-08-02 15:00:00,2.52,8.25,67.5
2022-08-02 18:00:00,2.4099998,8.09,67.5
2022-08-02 21:00:00,2.36,8.059999,67.5
2022-08-03 00:00:00,2.34,8.11,52.5
2022-08-03 03:00:00,2.37,8.22,52.5
2022-08-03 06:00:00,2.3999999,8.349999,52.5
2022-08-03 09:00:00,2.36,8.389999,52.5
2022-08-03 12:00:00,2.34,8.42,52.5
2022-08-03 15:00:00,2.34,8.51,52.5
2022-08-03 18:00:00,2.29,8.53,52.5
2022-08-03 21:00:00,2.1699998,8.44,52.5
2022-08-04 00:00:00,2.11,8.429999,52.5
2022-08-04 03:00:00,2.1,8.49,52.5
2022-08-04 06:00:00,2.05,8.45,52.5
2022-08-04 09:00:00,1.9499999,8.34,52.5
2022-08-04 12:00:00,1.9,8.34,52.5
2022-08-04 15:00:00,1.8299999,8.309999,52.5
2022-08-04 18:00:00,1.76,8.309999,52.5
2022-08-04 21:00:00,1.6899999,8.309999,52.5
2022-08-05 00:00:00,1.64,8.29,52.5
2022-08-05 03:00:00,1.62,8.33,37.5
2022-08-05 06:00:00,1.62,8.45,37.5
2022-08-05 09:00:00,1.62,8.72,37.5
2022-08-05 12:00:00,1.63,8.809999,37.5
2022-08-05 15:00:00,1.63,8.849999,37.5
2022-08-05 18:00:00,1.63,8.95,37.5
2022-08-05 21:00:00,1.63,9.0,37.5
2022-08-06 00:00:00,1.5999999,8.98,37.5
2022-08-06 03:00:00,1.5799999,8.929999,37.5
2022-08-06 06:00:00,1.5699999,8.94,37.5
2022-08-06 09:00:00,1.52,8.92,37.5
2022-08-06 12:00:00,1.55,9.07,37.5
2022-08-06 15:00:00,1.51,9.01,97.5
2022-08-06 18:00:00,1.48,8.99,97.5
2022-08-06 21:00:00,1.4599999,9.139999,97.5
2022-08-07 00:00:00,1.4399999,9.25,97.5
2022-08-07 03:00:00,1.41,9.21,112.5
2022-08-07 06:00:00,1.39,9.12,112.5
2022-08-07 09:00:00,1.35,9.09,112.5
2022-08-07 12:00:00,1.35,9.09,112.5
2022-08-07 15:00:00,1.3399999,9.08,37.5
2022-08-07 18:00:00,1.3399999,8.78,37.5
2022-08-07 21:00:00,1.3399999,9.04,37.5
2022-08-08 00:00:00,1.3299999,8.98,37.5
2022-08-08 03:00:00,1.3299999,8.889999,37.5
2022-08-08 06:00:00,1.3399999,8.849999,37.5
2022-08-08 09:00:00,1.35,8.79,37.5
2022-08-08 12:00:00,1.42,8.82,112.5
2022-08-08 15:00:00,1.4399999,8.71,112.5
2022-08-08 18:00:00,1.55,9.61,112.5
2022-08-08 21:00:00,1.61,9.19,112.5
2022-08-09 00:00:00,1.5999999,9.12,112.5
2022-08-09 03:00:00,1.5899999,8.91,112.5
2022-08-09 06:00:00,1.55,8.73,112.5
2022-08-09 09:00:00,1.51,8.58,112.5
2022-08-09 12:00:00,1.48,8.41,112.5
2022-08-09 15:00:00,1.53,8.2699995,112.5
2022-08-09 18:00:00,1.5799999,7.98,112.5
2022-08-09 21:00:00,1.5899999,7.49,112.5
2022-08-10 00:00:00,1.55,7.3999996,112.5
2022-08-10 03:00:00,1.5899999,7.6299996,112.5
2022-08-10 06:00:00,1.62,7.7599998,112.5
2022-08-10 09:00:00,1.63,7.81,112.5
2022-08-10 12:00:00,1.61,7.83,112.5
2022-08-10 15:00:00,1.62,7.7799997,112.5
2022-08-10 18:00:00,1.67,7.66,112.5
2022-08-10 21:00:00,1.7199999,7.56,112.5
2022-08-11 00:00:00,1.74,7.5899997,112.5
2022-08-11 03:00:00,1.75,7.6699996,112.5
2022-08-11 06:00:00,1.93,8.08,112.5
2022-08-11 09:00:00,1.9599999,7.95,112.5
2022-08-11 12:00:00,2.01,7.6,112.5
2022-08-11 15:00:00,1.9499999,7.64,112.5
2022-08-11 18:00:00,1.93,7.72,112.5
2022-08-11 21:00:00,1.93,7.7799997,112.5
2022-08-12 00:00:00,1.92,7.83,112.5
2022-08-12 03:00:00,1.91,7.87,112.5
2022-08-12 06:00:00,1.93,7.94,112.5
2022-08-12 09:00:00,1.9399999,7.94,112.5
2022-08-12 12:00:00,1.9399999,7.8799996,97.5
2022-08-12 15:00:00,1.9399999,7.8799996,97.5
2022-08-12 18:00:00,1.93,8.04,112.5
2022-08-12 21:00:00,1.88,8.22,112.5
2022-08-13 00:00:00,1.8299999,8.16,112.5
2022-08-13 03:00:00,1.77,7.96,112.5
2022-08-13 06:00:00,1.7199999,7.7799997,112.5
2022-08-13 09:00:00,1.68,7.6699996,112.5
2022-08-13 12:00:00,1.63,7.6499996,112.5
2022-08-13 15:00:00,1.55,7.58,112.5
2022-08-13 18:00:00,1.54,7.66,97.5
2022-08-13 21:00:00,1.5,7.6499996,97.5
2022-08-14 00:00:00,1.5,7.74,112.5
2022-08-14 03:00:00,1.5,7.77,112.5
2022-08-14 06:00:00,1.5,7.7799997,97.5
2022-08-14 09:00:00,1.5,7.75,97.5
2022-08-14 12:00:00,1.52,7.77,97.5
2022-08-14 15:00:00,1.52,7.71,112.5
2022-08-14 18:00:00,1.51,7.6,112.5
2022-08-14 21:00:00,1.51,12.889999,157.5
2022-08-15 00:00:00,1.5,12.63,157.5
2022-08-15 03:00:00,1.48,12.219999,112.5
2022-08-15 06:00:00,1.4699999,11.849999,112.5
2022-08-15 09:00:00,1.4399999,11.08,112.5
2022-08-15 12:00:00,1.43,10.45,112.5
2022-08-15 15:00:00,1.4,8.389999,112.5
2022-08-15 18:00:00,1.4,9.08,112.5
2022-08-15 21:00:00,1.37,8.84,112.5
2022-08-16 00:00:00,1.35,8.849999,97.5
2022-08-16 03:00:00,1.3199999,8.84,112.5
2022-08-16 06:00:00,1.29,8.75,112.5
2022-08-16 09:00:00,1.23,8.5199995,112.5
2022-08-16 12:00:00,1.1999999,8.51,112.5
2022-08-16 15:00:00,1.18,8.559999,112.5
2022-08-16 18:00:00,1.18,8.679999,112.5
2022-08-16 21:00:00,1.17,8.69,112.5
2022-08-17 00:00:00,1.26,9.01,112.5
2022-08-17 03:00:00,1.2099999,8.92,112.5
2022-08-17 06:00:00,1.1899999,8.95,112.5
2022-08-17 09:00:00,1.01,8.37,112.5
2022-08-17 12:00:00,1.04,8.74,112.5
2022-08-17 15:00:00,1.0699999,8.98,112.5
2022-08-17 18:00:00,1.0799999,9.05,112.5
2022-08-17 21:00:00,1.06,8.849999,112.5
2022-08-18 00:00:00,1.0699999,8.86,112.5
2022-08-18 03:00:00,1.12,8.94,112.5
2022-08-18 06:00:00,1.18,9.0,112.5
2022-08-18 09:00:00,1.23,8.98,112.5
2022-08-18 12:00:00,1.23,8.96,337.5
2022-08-18 15:00:00,1.22,8.92,337.5
2022-08-18 18:00:00,1.2099999,8.889999,337.5
2022-08-18 21:00:00,1.22,8.84,337.5
2022-08-19 00:00:00,1.22,8.79,337.5
2022-08-19 03:00:00,1.2099999,8.72,337.5
2022-08-19 06:00:00,1.1899999,8.62,337.5
2022-08-19 09:00:00,1.16,8.38,337.5
2022-08-19 12:00:00,1.16,8.22,337.5
2022-08-19 15:00:00,1.17,8.13,187.5
2022-08-19 18:00:00,1.18,8.04,187.5
2022-08-19 21:00:00,1.22,8.08,187.5
2022-08-20 00:00:00,1.2099999,8.09,187.5
2022-08-20 03:00:00,1.1999999,8.309999,187.5
2022-08-20 06:00:00,1.2099999,9.66,187.5
2022-08-20 09:00:00,1.1899999,9.86,187.5
2022-08-20 12:00:00,1.2099999,9.73,187.5
2022-08-20 15:00:00,1.23,9.53,187.5
2022-08-20 18:00:00,1.27,9.26,187.5
2022-08-20 21:00:00,1.3199999,19.31,187.5
2022-08-21 00:00:00,1.36,18.96,187.5
2022-08-21 03:00:00,1.41,18.33,187.5
2022-08-21 06:00:00,1.4499999,18.109999,187.5
2022-08-21 09:00:00,1.38,17.27,187.5
2022-08-21 12:00:00,1.42,17.72,187.5
2022-08-21 15:00:00,1.4699999,18.0,187.5
2022-08-21 18:00:00,1.53,17.539999,187.5
2022-08-21 21:00:00,1.54,17.34,187.5
2022-08-22 00:00:00,1.5,17.02,187.5
2022-08-22 03:00:00,1.52,16.529999,187.5
2022-08-22 06:00:00,1.55,16.46,187.5
2022-08-22 09:00:00,1.5699999,16.109999,187.5
2022-08-22 12:00:00,1.55,15.639999,187.5
2022-08-22 15:00:00,1.55,15.24,187.5
2022-08-22 18:00:00,1.5899999,15.139999,187.5
2022-08-22 21:00:00,1.64,14.94,187.5
2022-08-23 00:00:00,1.6899999,14.61,187.5
2022-08-23 03:00:00,1.7199999,14.25,337.5
2022-08-23 06:00:00,1.74,13.82,337.5
2022-08-23 09:00:00,1.6899999,13.259999,337.5
2022-08-23 12:00:00,1.67,12.809999,337.5
2022-08-23 15:00:00,1.66,12.32,337.5
2022-08-23 18:00:00,1.67,12.09,337.5
2022-08-23 21:00:00,1.6899999,11.99,337.5
2022-08-24 00:00:00,1.68,11.8,337.5
2022-08-24 03:00:00,1.66,11.679999,187.5
2022-08-24 06:00:00,1.5999999,12.03,337.5
2022-08-24 09:00:00,1.5799999,11.969999,337.5
2022-08-24 12:00:00,1.55,11.719999,337.5
2022-08-24 15:00:00,1.54,11.559999,337.5
2022-08-24 18:00:00,1.53,11.469999,172.5
2022-08-24 21:00:00,1.52,11.34,172.5
2022-08-25 00:00:00,1.51,11.259999,352.5
2022-08-25 03:00:00,1.49,11.29,352.5
2022-08-25 06:00:00,1.49,11.49,352.5
2022-08-25 09:00:00,1.8199999,12.78,352.5
2022-08-25 12:00:00,1.8399999,12.91,352.5
2022-08-25 15:00:00,1.87,13.16,352.5
2022-08-25 18:00:00,1.9699999,13.71,352.5
2022-08-25 21:00:00,1.9699999,14.12,352.5
2022-08-26 00:00:00,2.0,14.139999,352.5
2022-08-26 03:00:00,1.9399999,13.67,352.5
2022-08-26 06:00:00,1.78,13.0199995,352.5
2022-08-26 09:00:00,1.42,11.38,352.5
2022-08-26 12:00:00,1.39,11.04,352.5
2022-08-26 15:00:00,1.4,10.76,352.5
2022-08-26 18:00:00,1.41,10.679999,352.5
2022-08-26 21:00:00,1.4699999,10.62,352.5
2022-08-27 00:00:00,1.61,10.79,352.5
2022-08-27 03:00:00,1.53,10.54,352.5
2022-08-27 06:00:00,1.4599999,10.15,157.5
2022-08-27 09:00:00,1.39,9.78,157.5
2022-08-27 12:00:00,1.36,9.639999,157.5
2022-08-27 15:00:00,1.37,9.58,112.5
2022-08-27 18:00:00,1.4399999,9.719999,112.5
2022-08-27 21:00:00,1.56,9.969999,112.5
2022-08-28 00:00:00,1.64,9.809999,112.5
2022-08-28 03:00:00,1.7199999,7.23,112.5
2022-08-28 06:00:00,1.78,7.6099997,112.5
2022-08-28 09:00:00,1.89,8.099999,112.5
2022-08-28 12:00:00,1.92,8.29,112.5
2022-08-28 15:00:00,1.89,8.34,112.5
2022-08-28 18:00:00,1.89,8.53,97.5
2022-08-28 21:00:00,1.9,8.849999,97.5
2022-08-29 00:00:00,1.88,8.96,97.5
2022-08-29 03:00:00,1.81,8.91,97.5
2022-08-29 06:00:00,1.75,8.74,97.5
2022-08-29 09:00:00,1.7099999,8.389999,82.5
2022-08-29 12:00:00,1.6899999,8.179999,82.5
2022-08-29 15:00:00,1.65,8.0199995,82.5
2022-08-29 18:00:00,1.63,7.99,82.5
2022-08-29 21:00:00,1.67,8.04,82.5
2022-08-30 00:00:00,1.67,8.08,82.5
2022-08-30 03:00:00,1.66,8.11,82.5
2022-08-30 06:00:00,1.62,8.03,67.5
2022-08-30 09:00:00,1.5899999,8.03,67.5
2022-08-30 12:00:00,1.55,8.0,67.5
2022-08-30 15:00:00,1.49,8.05,67.5
2022-08-30 18:00:00,1.42,8.08,67.5
2022-08-30 21:00:00,1.41,8.19,67.5
2022-08-31 00:00:00,1.3399999,8.15,67.5
2022-08-31 03:00:00,1.28,8.09,67.5
2022-08-31 06:00:00,1.17,7.62,67.5
2022-08-31 09:00:00,1.14,7.69,67.5
2022-08-31 12:00:00,1.09,7.6299996,67.5
2022-08-31 15:00:00,1.04,7.6099997,67.5
2022-08-31 18:00:00,1.02,7.64,67.5
2022-08-31 21:00:00,1.0,7.72,67.5
2022-09-01 00:00:00,1.0,7.85,67.5
2022-09-01 03:00:00,1.0,7.7999997,172.5
2022-09-01 06:00:00,1.0,7.7999997,157.5
2022-09-01 09:00:00,0.97999996,7.74,157.5
2022-09-01 12:00:00,1.03,7.75,157.5
2022-09-01 15:00:00,1.09,7.81,157.5
2022-09-01 18:00:00,1.15,8.12,7.5
2022-09-01 21:00:00,1.24,8.53,7.5
2022-09-02 00:00:00,1.28,8.61,7.5
2022-09-02 03:00:00,1.31,8.57,7.5
2022-09-02 06:00:00,1.42,8.72,7.5
2022-09-02 09:00:00,1.39,8.49,7.5
2022-09-02 12:00:00,1.3299999,8.15,157.5
2022-09-02 15:00:00,1.3199999,7.8799996,157.5
2022-09-02 18:00:00,1.39,7.64,157.5
2022-09-02 21:00:00,1.4499999,7.43,157.5
2022-09-03 00:00:00,1.5,7.1099997,157.5
2022-09-03 03:00:00,1.62,6.8199997,37.5
2022-09-03 06:00:00,1.7199999,6.7599998,37.5
2022-09-03 09:00:00,1.77,6.8399997,37.5
2022-09-03 12:00:00,1.68,6.79,52.5
2022-09-03 15:00:00,1.62,6.75,37.5
2022-09-03 18:00:00,1.63,6.73,37.5
2022-09-03 21:00:00,1.67,6.52,37.5
2022-09-04 00:00:00,1.68,6.33,37.5
2022-09-04 03:00:00,1.67,6.23,37.5
2022-09-04 06:00:00,1.67,6.17,37.5
2022-09-04 09:00:00,1.65,12.0,37.5
2022-09-04 12:00:00,1.77,6.0699997,37.5
2022-09-04 15:00:00,1.81,6.24,37.5
2022-09-04 18:00:00,1.76,6.3399997,37.5
2022-09-04 21:00:00,1.8,6.5099998,37.5
2022-09-05 00:00:00,1.8,6.56,37.5
2022-09-05 03:00:00,1.8399999,6.6299996,37.5
2022-09-05 06:00:00,1.91,6.79,37.5
2022-09-05 09:00:00,1.8499999,6.83,37.5
2022-09-05 12:00:00,1.76,6.81,37.5
2022-09-05 15:00:00,1.7099999,6.87,37.5
2022-09-05 18:00:00,1.67,6.98,37.5
2022-09-05 21:00:00,1.6999999,7.2999997,67.5
2022-09-06 00:00:00,1.62,7.35,67.5
2022-09-06 03:00:00,1.5799999,7.3399997,172.5
2022-09-06 06:00:00,1.66,7.8399997,112.5
2022-09-06 09:00:00,1.5999999,7.43,172.5
2022-09-06 12:00:00,1.55,7.2799997,172.5
2022-09-06 15:00:00,1.51,7.0699997,172.5
2022-09-06 18:00:00,1.49,6.87,172.5
2022-09-06 21:00:00,1.5,6.6299996,112.5
2022-09-07 00:00:00,1.5,6.39,112.5
2022-09-07 03:00:00,1.49,6.41,112.5
2022-09-07 06:00:00,1.52,6.56,112.5
2022-09-07 09:00:00,1.53,6.58,112.5
2022-09-07 12:00:00,1.5699999,6.8199997,112.5
2022-09-07 15:00:00,1.5799999,7.1499996,112.5
2022-09-07 18:00:00,1.62,7.45,97.5
2022-09-07 21:00:00,1.63,7.5699997,112.5
2022-09-08 00:00:00,1.68,7.75,112.5
2022-09-08 03:00:00,1.7099999,7.8999996,112.5
2022-09-08 06:00:00,1.7199999,8.16,112.5
2022-09-08 09:00:00,1.6999999,8.38,82.5
2022-09-08 12:00:00,1.7099999,8.66,82.5
2022-09-08 15:00:00,1.7099999,9.099999,82.5
2022-09-08 18:00:00,1.7099999,9.01,82.5
2022-09-08 21:00:00,1.6999999,8.98,82.5
2022-09-09 00:00:00,1.64,8.99,82.5
2022-09-09 03:00:00,1.62,9.01,82.5
2022-09-09 06:00:00,1.63,9.0,82.5
2022-09-09 09:00:00,1.62,8.84,82.5
2022-09-09 12:00:00,1.62,8.73,82.5
2022-09-09 15:00:00,1.61,8.61,82.5
2022-09-09 18:00:00,1.68,8.59,82.5
2022-09-09 21:00:00,1.66,8.55,82.5
2022-09-10 00:00:00,1.5999999,8.44,82.5
2022-09-10 03:00:00,1.5699999,8.4,82.5
2022-09-10 06:00:00,1.6999999,8.67,82.5
2022-09-10 09:00:00,1.64,8.47,82.5
2022-09-10 12:00:00,1.62,8.51,82.5
2022-09-10 15:00:00,1.62,8.559999,82.5
2022-09-10 18:00:00,1.66,8.63,82.5
2022-09-10 21:00:00,1.64,8.7,82.5
2022-09-11 00:00:00,1.5999999,8.69,82.5
2022-09-11 03:00:00,1.5699999,8.599999,82.5
2022-09-11 06:00:00,1.54,12.349999,82.5
2022-09-11 09:00:00,1.53,12.04,82.5
2022-09-11 12:00:00,1.52,11.73,82.5
2022-09-11 15:00:00,1.52,11.23,82.5
2022-09-11 18:00:00,1.53,10.86,187.5
2022-09-11 21:00:00,1.5,10.4,187.5
2022-09-12 00:00:00,1.51,10.08,187.5
2022-09-12 03:00:00,1.52,9.92,187.5
2022-09-12 06:00:00,1.54,14.54,52.5
2022-09-12 09:00:00,1.5699999,14.04,52.5
2022-09-12 12:00:00,1.62,13.48,52.5
2022-09-12 15:00:00,1.66,13.259999,52.5
2022-09-12 18:00:00,1.7199999,13.309999,52.5
2022-09-12 21:00:00,1.74,13.12,52.5
2022-09-13 00:00:00,1.75,12.84,52.5
2022-09-13 03:00:00,1.76,12.599999,52.5
2022-09-13 06:00:00,1.8,12.69,52.5
2022-09-13 09:00:00,1.74,12.2,52.5
2022-09-13 12:00:00,1.7099999,12.03,52.5
2022-09-13 15:00:00,1.68,11.67,52.5
2022-09-13 18:00:00,1.6899999,11.46,52.5
2022-09-13 21:00:00,1.63,11.12,52.5
2022-09-14 00:00:00,1.5999999,10.92,52.5
2022-09-14 03:00:00,1.5999999,10.809999,52.5
2022-09-14 06:00:00,1.61,10.87,52.5
2022-09-14 09:00:00,1.5799999,10.83,52.5
2022-09-14 12:00:00,1.55,10.79,52.5
2022-09-14 15:00:00,1.52,10.7699995,52.5
2022-09-14 18:00:00,1.55,10.99,157.5
2022-09-14 21:00:00,1.53,10.969999,157.5
2022-09-15 00:00:00,1.51,10.99,157.5
2022-09-15 03:00:00,1.49,11.219999,142.5
2022-09-15 06:00:00,1.4399999,11.2,157.5
2022-09-15 09:00:00,1.43,11.11,157.5
2022-09-15 12:00:00,1.42,10.9,157.5
2022-09-15 15:00:00,1.39,10.74,157.5
2022-09-15 18:00:00,1.3,10.54,157.5
2022-09-15 21:00:00,1.22,10.8,157.5
2022-09-16 00:00:00,1.22,11.34,157.5
2022-09-16 03:00:00,1.22,11.219999,157.5
2022-09-16 06:00:00,1.24,11.139999,157.5
2022-09-16 09:00:00,1.1999999,10.84,157.5
2022-09-16 12:00:00,1.2099999,10.59,157.5
2022-09-16 15:00:00,1.24,10.24,157.5
2022-09-16 18:00:00,1.17,9.55,172.5
2022-09-16 21:00:00,1.27,9.79,352.5
2022-09-17 00:00:00,1.36,10.099999,352.5
2022-09-17 03:00:00,1.41,10.21,352.5
2022-09-17 06:00:00,1.4499999,10.16,7.5
2022-09-17 09:00:00,1.14,8.87,7.5
2022-09-17 12:00:00,1.36,9.5199995,7.5
2022-09-17 15:00:00,1.5,9.82,7.5
2022-09-17 18:00:00,1.65,9.98,7.5
2022-09-17 21:00:00,1.7099999,9.969999,7.5
2022-09-18 00:00:00,1.74,9.969999,7.5
2022-09-18 03:00:00,1.8299999,10.21,7.5
2022-09-18 06:00:00,1.68,9.95,22.5
2022-09-18 09:00:00,1.92,11.349999,22.5
2022-09-18 12:00:00,2.04,11.54,22.5
2022-09-18 15:00:00,1.9599999,11.05,22.5
2022-09-18 18:00:00,1.8199999,10.65,22.5
2022-09-18 21:00:00,1.76,10.33,22.5
2022-09-19 00:00:00,1.7199999,10.139999,22.5
2022-09-19 03:00:00,1.67,9.98,22.5
2022-09-19 06:00:00,1.63,9.83,22.5
2022-09-19 09:00:00,1.56,9.53,22.5
2022-09-19 12:00:00,1.55,14.57,307.5
2022-09-19 15:00:00,1.5899999,14.5,307.5
2022-09-19 18:00:00,1.62,14.429999,307.5
2022-09-19 21:00:00,1.76,14.42,307.5
2022-09-20 00:00:00,1.76,14.179999,307.5
2022-09-20 03:00:00,1.79,13.759999,307.5
2022-09-20 06:00:00,1.81,13.309999,307.5
2022-09-20 09:00:00,1.8,13.009999,307.5
2022-09-20 12:00:00,1.8,12.7,307.5
2022-09-20 15:00:00,1.77,12.2699995,322.5
2022-09-20 18:00:00,1.8199999,12.179999,322.5
2022-09-20 21:00:00,1.79,11.88,112.5
2022-09-21 00:00:00,1.75,11.57,112.5
2022-09-21 03:00:00,1.6999999,11.23,112.5
2022-09-21 06:00:00,1.66,11.0199995,112.5
2022-09-21 09:00:00,1.66,11.04,112.5
2022-09-21 12:00:00,1.64,11.349999,112.5
2022-09-21 15:00:00,1.62,11.559999,112.5
2022-09-21 18:00:00,1.61,11.5199995,112.5
2022-09-21 21:00:00,1.5899999,11.179999,112.5
2022-09-22 00:00:00,1.5699999,10.889999,187.5
2022-09-22 03:00:00,1.55,10.639999,187.5
2022-09-22 06:00:00,1.48,18.9,187.5
2022-09-22 09:00:00,1.4499999,18.44,187.5
2022-09-22 12:00:00,1.43,18.42,187.5
2022-09-22 15:00:00,1.42,18.42,187.5
2022-09-22 18:00:00,1.43,18.05,187.5
2022-09-22 21:00:00,1.41,17.84,187.5
2022-09-23 00:00:00,1.41,17.47,187.5
2022-09-23 03:00:00,1.4499999,17.26,187.5
2022-09-23 06:00:00,1.4599999,16.81,187.5
2022-09-23 09:00:00,1.4499999,15.929999,187.5
2022-09-23 12:00:00,1.5,15.58,187.5
2022-09-23 15:00:00,1.56,15.25,187.5
2022-09-23 18:00:00,1.73,14.469999,187.5
2022-09-23 21:00:00,1.78,11.219999,187.5
2022-09-24 00:00:00,1.8299999,11.21,352.5
2022-09-24 03:00:00,1.8399999,11.57,352.5
2022-09-24 06:00:00,1.87,11.759999,352.5
2022-09-24 09:00:00,1.74,11.4,352.5
2022-09-24 12:00:00,1.68,11.219999,352.5
2022-09-24 15:00:00,1.64,10.929999,352.5
2022-09-24 18:00:00,1.65,10.59,187.5
2022-09-24 21:00:00,1.68,10.349999,187.5
2022-09-25 00:00:00,1.66,15.639999,187.5
2022-09-25 03:00:00,1.64,15.29,187.5
2022-09-25 06:00:00,1.5899999,14.809999,187.5
2022-09-25 09:00:00,1.55,14.34,172.5
2022-09-25 12:00:00,1.55,14.24,172.5
2022-09-25 15:00:00,1.54,14.11,172.5
2022-09-25 18:00:00,1.73,14.4,172.5
2022-09-25 21:00:00,1.5899999,13.67,172.5
2022-09-26 00:00:00,1.51,13.33,172.5
2022-09-26 03:00:00,1.4599999,12.99,172.5
2022-09-26 06:00:00,1.39,12.37,172.5
2022-09-26 09:00:00,1.3399999,12.219999,172.5
2022-09-26 12:00:00,1.3,12.44,172.5
2022-09-26 15:00:00,1.28,12.54,172.5
2022-09-26 18:00:00,1.26,12.71,172.5
2022-09-26 21:00:00,1.23,12.71,172.5
2022-09-27 00:00:00,1.2099999,12.679999,172.5
2022-09-27 03:00:00,1.22,12.55,172.5
2022-09-27 06:00:00,1.2099999,12.259999,172.5
2022-09-27 09:00:00,1.22,12.099999,172.5
2022-09-27 12:00:00,1.26,12.05,337.5
2022-09-27 15:00:00,1.3,11.84,337.5
2022-09-27 18:00:00,1.31,11.7699995,337.5
2022-09-27 21:00:00,1.39,12.23,337.5
2022-09-28 00:00:00,1.42,12.46,337.5
2022-09-28 03:00:00,1.42,12.099999,337.5
2022-09-28 06:00:00,1.42,11.8,337.5
2022-09-28 09:00:00,1.4,11.4,337.5
2022-09-28 12:00:00,1.38,11.04,337.5
2022-09-28 15:00:00,1.36,10.78,337.5
2022-09-28 18:00:00,1.35,10.73,337.5
2022-09-28 21:00:00,1.26,10.25,337.5
2022-09-29 00:00:00,1.22,9.99,337.5
2022-09-29 03:00:00,1.18,9.889999,337.5
2022-09-29 06:00:00,1.13,10.03,157.5
2022-09-29 09:00:00,1.15,9.83,157.5
2022-09-29 12:00:00,1.17,9.67,157.5
2022-09-29 15:00:00,1.22,9.55,157.5
2022-09-29 18:00:00,1.37,9.88,112.5
2022-09-29 21:00:00,1.39,9.79,157.5
2022-09-30 00:00:00,1.4,9.96,112.5
2022-09-30 03:00:00,1.41,10.03,337.5
2022-09-30 06:00:00,1.43,15.549999,337.5
2022-09-30 09:00:00,1.48,14.9,337.5
2022-09-30 12:00:00,1.51,14.46,337.5
2022-09-30 15:00:00,1.51,13.71,337.5
2022-09-30 18:00:00,1.52,13.13,337.5
2022-09-30 21:00:00,1.55,12.48,337.5
2022-10-01 00:00:00,1.54,11.96,337.5
2022-10-01 03:00:00,1.54,11.759999,337.5
2022-10-01 06:00:00,1.5899999,11.94,337.5
2022-10-01 09:00:00,1.43,11.469999,337.5
2022-10-01 12:00:00,1.61,12.09,337.5
2022-10-01 15:00:00,1.9399999,12.28,337.5
2022-10-01 18:00:00,2.18,10.07,352.5
2022-10-01 21:00:00,2.3899999,9.849999,352.5
2022-10-02 00:00:00,2.46,9.53,352.5
2022-10-02 03:00:00,2.54,9.25,352.5
2022-10-02 06:00:00,2.81,9.0,37.5
2022-10-02 09:00:00,2.8,8.5199995,37.5
2022-10-02 12:00:00,2.7,8.44,37.5
2022-10-02 15:00:00,2.6699998,8.4,37.5
2022-10-02 18:00:00,2.61,8.21,37.5
2022-10-02 21:00:00,2.5,8.12,37.5
2022-10-03 00:00:00,2.34,8.03,37.5
2022-10-03 03:00:00,2.26,8.03,37.5
2022-10-03 06:00:00,2.1699998,8.179999,37.5
2022-10-03 09:00:00,2.1,8.5,37.5
2022-10-03 12:00:00,2.04,8.7699995,37.5
2022-10-03 15:00:00,2.03,16.39,322.5
2022-10-03 18:00:00,2.05,16.75,322.5
2022-10-03 21:00:00,2.09,16.039999,322.5
2022-10-04 00:00:00,2.18,15.589999,37.5
2022-10-04 03:00:00,2.31,14.95,37.5
2022-10-04 06:00:00,2.31,14.16,37.5
2022-10-04 09:00:00,2.48,14.03,37.5
2022-10-04 12:00:00,2.6,13.74,37.5
2022-10-04 15:00:00,2.61,13.42,37.5
2022-10-04 18:00:00,2.59,13.19,37.5
2022-10-04 21:00:00,2.53,12.98,37.5
2022-10-05 00:00:00,2.4099998,12.66,37.5
2022-10-05 03:00:00,2.29,12.259999,37.5
2022-10-05 06:00:00,2.1699998,11.969999,37.5
2022-10-05 09:00:00,2.18,11.889999,37.5
2022-10-05 12:00:00,2.08,11.5199995,37.5
2022-10-05 15:00:00,1.99,11.059999,37.5
2022-10-05 18:00:00,1.93,10.8,22.5
2022-10-05 21:00:00,1.8399999,10.67,22.5
2022-10-06 00:00:00,1.74,10.3,22.5
2022-10-06 03:00:00,1.6899999,10.13,22.5
2022-10-06 06:00:00,1.64,10.17,22.5
2022-10-06 09:00:00,1.5899999,10.16,322.5
2022-10-06 12:00:00,1.52,10.09,187.5
2022-10-06 15:00:00,1.49,9.95,352.5
2022-10-06 18:00:00,1.51,8.16,352.5
2022-10-06 21:00:00,2.0,8.2699995,352.5
2022-10-07 00:00:00,2.06,7.8999996,352.5
2022-10-07 03:00:00,2.07,13.25,352.5
2022-10-07 06:00:00,2.1299999,13.5199995,352.5
2022-10-07 09:00:00,2.1399999,13.58,352.5
2022-10-07 12:00:00,2.21,14.07,352.5
2022-10-07 15:00:00,2.36,14.259999,352.5
2022-10-07 18:00:00,2.48,14.12,352.5
2022-10-07 21:00:00,2.57,13.99,352.5
2022-10-08 00:00:00,2.57,13.469999,352.5
2022-10-08 03:00:00,2.48,12.969999,352.5
2022-10-08 06:00:00,2.4099998,12.62,352.5
2022-10-08 09:00:00,2.3,12.139999,352.5
2022-10-08 12:00:00,2.22,11.87,352.5
2022-10-08 15:00:00,2.22,11.67,352.5
2022-10-08 18:00:00,2.1299999,11.2699995,352.5
2022-10-08 21:00:00,2.1499999,11.03,352.5
2022-10-09 00:00:00,2.19,11.01,352.5
2022-10-09 03:00:00,2.23,11.08,352.5
2022-10-09 06:00:00,2.36,11.24,352.5
2022-10-09 09:00:00,2.4199998,11.34,7.5
2022-10-09 12:00:00,2.49,11.759999,7.5
2022-10-09 15:00:00,2.57,12.71,7.5
2022-10-09 18:00:00,2.6499999,12.82,7.5
2022-10-09 21:00:00,2.6799998,12.67,7.5
2022-10-10 00:00:00,2.77,12.74,7.5
2022-10-10 03:00:00,2.75,12.719999,7.5
2022-10-10 06:00:00,2.84,12.92,7.5
2022-10-10 09:00:00,2.79,12.7699995,7.5
2022-10-10 12:00:00,2.75,12.55,7.5
2022-10-10 15:00:00,2.9399998,12.9,7.5
2022-10-10 18:00:00,2.9099998,12.849999,7.5
2022-10-10 21:00:00,2.73,12.36,7.5
2022-10-11 00:00:00,2.62,12.08,7.5
2022-10-11 03:00:00,2.48,11.84,7.5
2022-10-11 06:00:00,2.35,11.71,7.5
2022-10-11 09:00:00,2.23,11.54,7.5
2022-10-11 12:00:00,2.1399999,11.32,7.5
2022-10-11 15:00:00,2.07,11.12,7.5
2022-10-11 18:00:00,2.18,11.21,7.5
2022-10-11 21:00:00,2.1399999,11.099999,7.5
2022-10-12 00:00:00,2.1299999,11.04,7.5
2022-10-12 03:00:00,2.1,10.95,7.5
2022-10-12 06:00:00,2.04,10.79,7.5
2022-10-12 09:00:00,1.9399999,10.57,7.5
2022-10-12 12:00:00,1.87,10.389999,7.5
2022-10-12 15:00:00,1.73,10.059999,7.5
2022-10-12 18:00:00,1.67,9.98,7.5
2022-10-12 21:00:00,1.56,9.44,7.5
2022-10-13 00:00:00,1.5799999,9.28,7.5
2022-10-13 03:00:00,1.51,9.099999,7.5
2022-10-13 06:00:00,1.48,8.97,352.5
2022-10-13 09:00:00,1.4499999,8.83,352.5
2022-10-13 12:00:00,1.49,8.809999,352.5
2022-10-13 15:00:00,1.5799999,8.74,352.5
2022-10-13 18:00:00,1.7199999,8.599999,352.5
2022-10-13 21:00:00,1.9599999,8.79,352.5
2022-10-14 00:00:00,2.1599998,9.29,337.5
2022-10-14 03:00:00,2.31,11.03,337.5
2022-10-14 06:00:00,2.4199998,11.639999,337.5
2022-10-14 09:00:00,2.71,12.2,352.5
2022-10-14 12:00:00,2.8999999,12.57,352.5
2022-10-14 15:00:00,3.04,12.889999,7.5
2022-10-14 18:00:00,2.99,12.78,7.5
2022-10-14 21:00:00,2.95,12.639999,7.5
2022-10-15 00:00:00,2.78,12.29,7.5
2022-10-15 03:00:00,2.6399999,12.17,7.5
2022-10-15 06:00:00,2.53,12.25,7.5
2022-10-15 09:00:00,2.45,12.389999,7.5
2022-10-15 12:00:00,2.4199998,12.61,7.5
2022-10-15 15:00:00,2.28,12.21,7.5
2022-10-15 18:00:00,2.19,11.929999,7.5
2022-10-15 21:00:00,2.01,11.58,7.5
2022-10-16 00:00:00,1.89,11.21,7.5
2022-10-16 03:00:00,1.76,10.8,7.5
2022-10-16 06:00:00,1.74,10.599999,7.5
2022-10-16 09:00:00,1.78,10.32,337.5
2022-10-16 12:00:00,1.86,15.639999,337.5
2022-10-16 15:00:00,2.03,15.57,337.5
2022-10-16 18:00:00,2.1699998,15.179999,322.5
2022-10-16 21:00:00,2.53,15.46,322.5
2022-10-17 00:00:00,2.6599998,15.059999,322.5
2022-10-17 03:00:00,2.6399999,14.589999,322.5
2022-10-17 06:00:00,2.62,14.349999,322.5
2022-10-17 09:00:00,2.6799998,14.37,322.5
2022-10-17 12:00:00,2.55,14.009999,322.5
2022-10-17 15:00:00,2.35,13.41,322.5
2022-10-17 18:00:00,2.24,13.139999,322.5
2022-10-17 21:00:00,2.05,12.799999,322.5
2022-10-18 00:00:00,1.87,12.29,322.5
2022-10-18 03:00:00,1.7099999,11.929999,322.5
2022-10-18 06:00:00,1.5799999,11.599999,337.5
2022-10-18 09:00:00,1.41,10.929999,322.5
2022-10-18 12:00:00,1.41,10.96,322.5
2022-10-18 15:00:00,1.5,11.639999,322.5
2022-10-18 18:00:00,1.4699999,11.57,322.5
2022-10-18 21:00:00,1.53,11.32,322.5
2022-10-19 00:00:00,1.61,11.53,322.5
2022-10-19 03:00:00,1.8,11.61,322.5
2022-10-19 06:00:00,2.26,11.509999,322.5
2022-10-19 09:00:00,2.75,7.23,337.5
2022-10-19 12:00:00,3.06,8.83,337.5
2022-10-19 15:00:00,3.21,9.91,337.5
2022-10-19 18:00:00,3.4399998,10.59,337.5
2022-10-19 21:00:00,3.6499999,10.809999,337.5
2022-10-20 00:00:00,3.6499999,11.2,337.5
2022-10-20 03:00:00,3.6599998,11.309999,337.5
2022-10-20 06:00:00,3.74,11.58,337.5
2022-10-20 09:00:00,3.72,11.73,337.5
2022-10-20 12:00:00,3.72,11.88,337.5
2022-10-20 15:00:00,3.6399999,11.86,337.5
2022-10-20 18:00:00,3.6,11.9,352.5
2022-10-20 21:00:00,3.86,12.58,7.5
2022-10-21 00:00:00,3.8899999,13.049999,7.5
2022-10-21 03:00:00,3.6699998,12.86,7.5
2022-10-21 06:00:00,3.4499998,12.58,7.5
2022-10-21 09:00:00,3.4099998,12.61,7.5
2022-10-21 12:00:00,3.36,12.75,7.5
2022-10-21 15:00:00,3.27,12.799999,7.5
2022-10-21 18:00:00,3.1299999,12.67,7.5
2022-10-21 21:00:00,2.84,12.3,7.5
2022-10-22 00:00:00,2.62,12.15,7.5
2022-10-22 03:00:00,2.3999999,12.08,7.5
2022-10-22 06:00:00,2.12,12.07,7.5
2022-10-22 09:00:00,1.9699999,11.99,7.5
2022-10-22 12:00:00,1.92,11.95,7.5
2022-10-22 15:00:00,1.89,11.84,7.5
2022-10-22 18:00:00,1.8399999,11.73,7.5
2022-10-22 21:00:00,1.9399999,12.07,22.5
2022-10-23 00:00:00,1.79,11.849999,22.5
2022-10-23 03:00:00,1.68,11.259999,22.5
2022-10-23 06:00:00,1.5999999,8.57,322.5
2022-10-23 09:00:00,1.61,8.33,322.5
2022-10-23 12:00:00,1.66,8.3,112.5
2022-10-23 15:00:00,1.67,8.2699995,112.5
2022-10-23 18:00:00,1.6999999,8.2699995,112.5
2022-10-23 21:00:00,1.6999999,8.28,112.5
2022-10-24 00:00:00,1.6899999,8.2699995,112.5
2022-10-24 03:00:00,1.68,8.29,112.5
2022-10-24 06:00:00,1.68,8.3,112.5
2022-10-24 09:00:00,1.7099999,8.36,112.5
2022-10-24 12:00:00,1.76,8.429999,322.5
2022-10-24 15:00:00,1.78,8.47,112.5
2022-10-24 18:00:00,1.81,8.599999,112.5
2022-10-24 21:00:00,1.79,8.51,112.5
2022-10-25 00:00:00,1.8299999,8.63,112.5
2022-10-25 03:00:00,1.88,8.82,112.5
2022-10-25 06:00:00,1.9499999,8.67,97.5
2022-10-25 09:00:00,2.06,8.5199995,97.5
2022-10-25 12:00:00,2.21,8.4,97.5
2022-10-25 15:00:00,2.32,8.29,337.5
2022-10-25 18:00:00,2.3,8.04,97.5
2022-10-25 21:00:00,2.46,8.22,97.5
2022-10-26 00:00:00,2.55,8.08,97.5
2022-10-26 03:00:00,2.56,8.13,97.5
2022-10-26 06:00:00,2.57,8.179999,97.5
2022-10-26 09:00:00,2.61,8.16,352.5
2022-10-26 12:00:00,2.6599998,8.16,97.5
2022-10-26 15:00:00,2.6299999,8.2699995,97.5
2022-10-26 18:00:00,2.55,8.33,7.5
2022-10-26 21:00:00,2.52,8.389999,7.5
2022-10-27 00:00:00,2.46,8.36,7.5
2022-10-27 03:00:00,2.4199998,8.38,7.5
2022-10-27 06:00:00,2.37,8.42,7.5
2022-10-27 09:00:00,2.33,8.41,7.5
2022-10-27 12:00:00,2.29,8.32,7.5
2022-10-27 15:00:00,2.29,8.24,7.5
2022-10-27 18:00:00,2.27,8.22,7.5
2022-10-27 21:00:00,2.29,8.28,22.5
2022-10-28 00:00:00,2.27,8.28,22.5
2022-10-28 03:00:00,2.28,8.309999,22.5
2022-10-28 06:00:00,2.24,8.19,7.5
2022-10-28 09:00:00,2.2,8.03,22.5
2022-10-28 12:00:00,2.2,7.8399997,22.5
2022-10-28 15:00:00,2.2,7.75,22.5
2022-10-28 18:00:00,2.1599998,7.79,22.5
2022-10-28 21:00:00,2.1499999,7.7799997,82.5
2022-10-29 00:00:00,2.1,7.69,82.5
2022-10-29 03:00:00,2.07,7.6499996,82.5
2022-10-29 06:00:00,2.08,7.6099997,82.5
2022-10-29 09:00:00,2.04,7.47,82.5
2022-10-29 12:00:00,2.01,7.45,82.5
2022-10-29 15:00:00,1.9699999,7.49,82.5
2022-10-29 18:00:00,1.9699999,7.52,82.5
2022-10-29 21:00:00,2.04,7.5499997,82.5
2022-10-30 00:00:00,2.02,7.46,82.5
2022-10-30 03:00:00,1.99,7.45,82.5
2022-10-30 06:00:00,1.9599999,7.52,82.5
2022-10-30 09:00:00,1.9399999,7.64,82.5
2022-10-30 12:00:00,1.9399999,7.77,7.5
2022-10-30 15:00:00,1.9399999,7.85,7.5
2022-10-30 18:00:00,1.93,7.8799996,7.5
2022-10-30 21:00:00,1.89,7.83,7.5
2022-10-31 00:00:00,1.8499999,7.73,82.5
2022-10-31 03:00:00,1.86,7.6499996,82.5
2022-10-31 06:00:00,1.89,7.5499997,82.5
2022-10-31 09:00:00,1.9399999,7.39,82.5
2022-10-31 12:00:00,1.9699999,7.27,97.5
2022-10-31 15:00:00,2.01,7.29,52.5
2022-10-31 18:00:00,2.04,7.29,52.5
2022-10-31 21:00:00,2.03,7.3399997,52.5
2022-11-01 00:00:00,1.9699999,7.4199996,52.5
2022-11-01 03:00:00,1.93,7.45,52.5
2022-11-01 06:00:00,1.9,7.41,52.5
2022-11-01 09:00:00,1.88,7.27,52.5
2022-11-01 12:00:00,1.88,7.02,52.5
2022-11-01 15:00:00,1.92,6.99,187.5
2022-11-01 18:00:00,2.03,7.08,187.5
2022-11-01 21:00:00,2.05,7.27,52.5
2022-11-02 00:00:00,2.06,7.29,52.5
2022-11-02 03:00:00,2.06,7.3799996,52.5
2022-11-02 06:00:00,2.1,7.45,52.5
2022-11-02 09:00:00,2.1499999,7.5299997,67.5
2022-11-02 12:00:00,2.12,7.5699997,67.5
2022-11-02 15:00:00,2.1399999,7.7599998,67.5
2022-11-02 18:00:00,2.26,8.11,67.5
2022-11-02 21:00:00,2.4099998,8.5,67.5
2022-11-03 00:00:00,2.4099998,8.7,67.5
2022-11-03 03:00:00,2.3799999,8.809999,67.5
2022-11-03 06:00:00,2.35,8.71,67.5
2022-11-03 09:00:00,2.36,8.809999,67.5
2022-11-03 12:00:00,2.36,8.82,67.5
2022-11-03 15:00:00,2.34,8.78,67.5
2022-11-03 18:00:00,2.33,8.72,67.5
2022-11-03 21:00:00,2.33,8.63,67.5
2022-11-04 00:00:00,2.32,8.51,67.5
2022-11-04 03:00:00,2.32,8.46,67.5
2022-11-04 06:00:00,2.26,8.38,67.5
2022-11-04 09:00:00,2.28,8.45,67.5
2022-11-04 12:00:00,2.27,8.51,82.5
2022-11-04 15:00:00,2.29,8.63,82.5
2022-11-04 18:00:00,2.4099998,8.9,82.5
2022-11-04 21:00:00,2.44,9.09,82.5
2022-11-05 00:00:00,2.4299998,9.2699995,82.5
2022-11-05 03:00:00,2.44,9.49,97.5
2022-11-05 06:00:00,2.52,9.84,97.5
2022-11-05 09:00:00,2.62,10.11,97.5
2022-11-05 12:00:00,2.6599998,10.26,97.5
2022-11-05 15:00:00,2.7,10.309999,97.5
2022-11-05 18:00:00,2.77,10.38,97.5
2022-11-05 21:00:00,2.74,10.28,97.5
2022-11-06 00:00:00,2.69,10.179999,97.5
2022-11-06 03:00:00,2.6399999,10.099999,97.5
2022-11-06 06:00:00,2.61,10.03,97.5
2022-11-06 09:00:00,2.6299999,10.09,112.5
2022-11-06 12:00:00,2.55,10.0199995,112.5
2022-11-06 15:00:00,2.47,9.929999,112.5
2022-11-06 18:00:00,2.4299998,9.94,97.5
2022-11-06 21:00:00,2.4099998,9.82,97.5
2022-11-07 00:00:00,2.3799999,9.809999,97.5
2022-11-07 03:00:00,2.37,9.82,97.5
2022-11-07 06:00:00,2.37,9.83,97.5
2022-11-07 09:00:00,2.4099998,9.889999,97.5
2022-11-07 12:00:00,2.3899999,9.9,97.5
2022-11-07 15:00:00,2.35,9.9,97.5
2022-11-07 18:00:00,2.4199998,11.15,97.5
2022-11-07 21:00:00,2.35,10.849999,97.5
2022-11-08 00:00:00,2.24,10.309999,97.5
2022-11-08 03:00:00,2.1499999,9.87,97.5
2022-11-08 06:00:00,2.1399999,9.599999,97.5
2022-11-08 09:00:00,2.1399999,9.33,97.5
2022-11-08 12:00:00,2.1599998,9.2699995,97.5
2022-11-08 15:00:00,2.18,9.22,97.5
2022-11-08 18:00:00,2.3,9.38,97.5
2022-11-08 21:00:00,2.23,9.22,97.5
2022-11-09 00:00:00,2.2,9.21,97.5
2022-11-09 03:00:00,2.1699998,9.2,97.5
2022-11-09 06:00:00,2.11,9.13,97.5
2022-11-09 09:00:00,2.1,9.139999,97.5
2022-11-09 12:00:00,2.04,9.09,97.5
2022-11-09 15:00:00,1.9499999,9.01,97.5
2022-11-09 18:00:00,1.91,8.98,97.5
2022-11-09 21:00:00,1.87,8.94,97.5
2022-11-10 00:00:00,1.81,8.86,97.5
2022-11-10 03:00:00,1.76,8.7699995,97.5
2022-11-10 06:00:00,1.76,8.59,97.5
2022-11-10 09:00:00,1.64,8.34,97.5
2022-11-10 12:00:00,1.65,8.389999,97.5
2022-11-10 15:00:00,1.64,8.41,97.5
2022-11-10 18:00:00,1.5899999,8.41,97.5
2022-11-10 21:00:00,1.5899999,8.42,37.5
2022-11-11 00:00:00,1.62,8.2,37.5
2022-11-11 03:00:00,1.66,13.71,37.5
2022-11-11 06:00:00,1.67,7.89,37.5
2022-11-11 09:00:00,1.8499999,7.93,37.5
2022-11-11 12:00:00,2.01,7.3599997,37.5
2022-11-11 15:00:00,2.11,12.759999,37.5
2022-11-11 18:00:00,2.1599998,11.599999,37.5
2022-11-11 21:00:00,2.23,10.719999,37.5
2022-11-12 00:00:00,2.25,10.57,37.5
2022-11-12 03:00:00,2.29,10.61,37.5
2022-11-12 06:00:00,2.3799999,10.62,37.5
2022-11-12 09:00:00,2.48,10.55,37.5
2022-11-12 12:00:00,2.53,10.309999,37.5
2022-11-12 15:00:00,2.58,9.679999,37.5
2022-11-12 18:00:00,2.6699998,8.98,37.5
2022-11-12 21:00:00,2.6699998,16.18,37.5
2022-11-13 00:00:00,2.77,15.799999,322.5
2022-11-13 03:00:00,2.95,15.91,322.5
2022-11-13 06:00:00,2.98,15.48,322.5
2022-11-13 09:00:00,3.1,15.2,322.5
2022-11-13 12:00:00,3.1399999,14.95,322.5
2022-11-13 15:00:00,3.06,14.58,322.5
2022-11-13 18:00:00,2.98,14.28,322.5
2022-11-13 21:00:00,2.8899999,13.96,322.5
2022-11-14 00:00:00,2.74,13.37,322.5
2022-11-14 03:00:00,2.57,12.969999,337.5
2022-11-14 06:00:00,2.47,12.59,337.5
2022-11-14 09:00:00,2.32,11.929999,322.5
2022-11-14 12:00:00,2.19,11.509999,322.5
2022-11-14 15:00:00,1.9399999,10.5199995,322.5
2022-11-14 18:00:00,1.9,9.7,322.5
2022-11-14 21:00:00,1.93,9.5199995,322.5
2022-11-15 00:00:00,1.99,16.25,322.5
2022-11-15 03:00:00,2.06,15.929999,322.5
2022-11-15 06:00:00,2.1,15.469999,322.5
2022-11-15 09:00:00,2.1299999,14.94,322.5
2022-11-15 12:00:00,2.1499999,14.75,322.5
2022-11-15 15:00:00,2.22,14.74,322.5
2022-11-15 18:00:00,2.4299998,14.79,322.5
2022-11-15 21:00:00,2.71,14.889999,322.5
2022-11-16 00:00:00,2.86,14.679999,322.5
2022-11-16 03:00:00,2.85,14.349999,322.5
2022-11-16 06:00:00,2.79,14.03,322.5
2022-11-16 09:00:00,2.72,13.73,322.5
2022-11-16 12:00:00,2.62,13.37,322.5
2022-11-16 15:00:00,2.51,13.23,322.5
2022-11-16 18:00:00,2.4099998,13.07,322.5
2022-11-16 21:00:00,2.34,12.9,322.5
2022-11-17 00:00:00,2.34,12.74,322.5
2022-11-17 03:00:00,2.33,12.41,352.5
2022-11-17 06:00:00,2.4099998,12.259999,352.5
2022-11-17 09:00:00,2.3899999,12.2699995,352.5
2022-11-17 12:00:00,2.35,12.349999,352.5
2022-11-17 15:00:00,2.31,12.429999,352.5
2022-11-17 18:00:00,2.4299998,13.12,352.5
2022-11-17 21:00:00,2.45,14.0,352.5
2022-11-18 00:00:00,2.4199998,14.099999,352.5
2022-11-18 03:00:00,2.3,13.88,352.5
2022-11-18 06:00:00,2.28,14.049999,352.5
2022-11-18 09:00:00,2.1699998,13.7,352.5
2022-11-18 12:00:00,1.9599999,13.13,352.5
2022-11-18 15:00:00,1.86,12.86,352.5
2022-11-18 18:00:00,1.76,12.62,352.5
2022-11-18 21:00:00,1.7199999,12.469999,352.5
2022-11-19 00:00:00,1.66,12.009999,352.5
2022-11-19 03:00:00,1.64,11.7,352.5
2022-11-19 06:00:00,1.62,11.34,352.5
2022-11-19 09:00:00,1.66,11.2,352.5
2022-11-19 12:00:00,1.6999999,11.21,352.5
2022-11-19 15:00:00,1.74,11.389999,352.5
2022-11-19 18:00:00,1.8399999,12.04,337.5
2022-11-19 21:00:00,1.91,12.13,337.5
2022-11-20 00:00:00,1.92,11.99,322.5
2022-11-20 03:00:00,1.91,11.63,322.5
2022-11-20 06:00:00,1.92,11.03,307.5
2022-11-20 09:00:00,2.0,10.719999,307.5
2022-11-20 12:00:00,2.03,17.18,307.5
2022-11-20 15:00:00,2.1399999,16.83,307.5
2022-11-20 18:00:00,2.3,16.16,307.5
2022-11-20 21:00:00,2.49,16.359999,307.5
2022-11-21 00:00:00,2.56,15.9,307.5
2022-11-21 03:00:00,2.62,15.54,307.5
2022-11-21 06:00:00,2.6599998,15.11,307.5
2022-11-21 09:00:00,2.6699998,14.7699995,307.5
2022-11-21 12:00:00,2.6599998,14.58,307.5
2022-11-21 15:00:00,2.74,14.63,307.5
2022-11-21 18:00:00,2.69,14.38,307.5
2022-11-21 21:00:00,2.6699998,14.24,307.5
2022-11-22 00:00:00,2.57,13.96,307.5
2022-11-22 03:00:00,2.49,13.61,307.5
2022-11-22 06:00:00,2.48,13.4,307.5
2022-11-22 09:00:00,2.46,13.09,307.5
2022-11-22 12:00:00,2.44,12.73,307.5
2022-11-22 15:00:00,2.3999999,12.099999,112.5
2022-11-22 18:00:00,2.33,11.71,112.5
2022-11-22 21:00:00,2.28,10.99,112.5
2022-11-23 00:00:00,2.19,10.469999,112.5
2022-11-23 03:00:00,2.1,10.25,112.5
2022-11-23 06:00:00,2.1299999,10.51,112.5
2022-11-23 09:00:00,2.06,10.25,112.5
2022-11-23 12:00:00,2.04,10.219999,112.5
2022-11-23 15:00:00,2.1,10.44,322.5
2022-11-23 18:00:00,2.31,12.95,337.5
2022-11-23 21:00:00,3.08,13.679999,337.5
2022-11-24 00:00:00,3.83,13.61,337.5
2022-11-24 03:00:00,4.21,13.44,337.5
2022-11-24 06:00:00,4.49,13.69,337.5
2022-11-24 09:00:00,5.0699997,14.509999,337.5
2022-11-24 12:00:00,5.35,15.049999,337.5
2022-11-24 15:00:00,5.48,14.889999,337.5
2022-11-24 18:00:00,5.5299997,14.589999,352.5
2022-11-24 21:00:00,5.74,14.53,352.5
2022-11-25 00:00:00,5.5899997,14.309999,352.5
2022-11-25 03:00:00,5.44,14.17,7.5
2022-11-25 06:00:00,5.2599998,14.03,7.5
2022-11-25 09:00:00,5.06,13.7,7.5
2022-11-25 12:00:00,4.7599998,13.24,7.5
2022-11-25 15:00:00,4.5299997,12.929999,7.5
2022-11-25 18:00:00,4.21,12.389999,7.5
2022-11-25 21:00:00,4.08,12.0,7.5
2022-11-26 00:00:00,3.8899999,11.71,7.5
2022-11-26 03:00:00,3.74,11.46,22.5
2022-11-26 06:00:00,3.6799998,11.37,22.5
2022-11-26 09:00:00,3.78,11.509999,52.5
2022-11-26 12:00:00,3.9599998,11.7699995,52.5
2022-11-26 15:00:00,4.31,14.719999,52.5
2022-11-26 18:00:00,4.38,14.599999,52.5
2022-11-26 21:00:00,4.4,14.49,52.5
2022-11-27 00:00:00,4.27,14.309999,52.5
2022-11-27 03:00:00,4.15,14.15,52.5
2022-11-27 06:00:00,4.0299997,13.98,52.5
2022-11-27 09:00:00,3.86,13.74,52.5
2022-11-27 12:00:00,3.6599998,13.49,52.5
2022-11-27 15:00:00,3.51,13.36,52.5
2022-11-27 18:00:00,3.3899999,13.2699995,52.5
2022-11-27 21:00:00,3.21,13.08,52.5
2022-11-28 00:00:00,2.98,12.799999,52.5
2022-11-28 03:00:00,2.84,12.55,52.5
2022-11-28 06:00:00,2.75,12.34,52.5
2022-11-28 09:00:00,2.6499999,12.219999,52.5
2022-11-28 12:00:00,2.57,12.099999,52.5
2022-11-28 15:00:00,2.51,11.98,52.5
2022-11-28 18:00:00,2.46,11.82,52.5
2022-11-28 21:00:00,2.45,11.7,52.5
2022-11-29 00:00:00,2.4299998,11.48,307.5
2022-11-29 03:00:00,2.48,17.699999,307.5
2022-11-29 06:00:00,2.49,17.279999,307.5
2022-11-29 09:00:00,2.54,17.029999,307.5
2022-11-29 12:00:00,2.59,16.46,307.5
2022-11-29 15:00:00,2.6,15.929999,307.5
2022-11-29 18:00:00,2.6,15.46,307.5
2022-11-29 21:00:00,2.6,14.99,307.5
2022-11-30 00:00:00,2.45,14.42,307.5
2022-11-30 03:00:00,2.3899999,14.219999,307.5
2022-11-30 06:00:00,2.32,14.07,307.5
2022-11-30 09:00:00,2.25,13.87,307.5
2022-11-30 12:00:00,2.19,13.58,307.5
2022-11-30 15:00:00,2.06,13.219999,307.5
2022-11-30 18:00:00,2.05,13.179999,307.5
2022-11-30 21:00:00,2.01,12.92,307.5
2022-12-01 00:00:00,1.9399999,12.44,307.5
2022-12-01 03:00:00,1.91,12.009999,307.5
2022-12-01 06:00:00,2.0,17.949999,307.5
2022-12-01 09:00:00,2.25,17.77,307.5
2022-12-01 12:00:00,2.78,18.13,307.5
2022-12-01 15:00:00,3.1,17.64,307.5
2022-12-01 18:00:00,3.1999998,16.99,307.5
2022-12-01 21:00:00,3.1999998,16.4,307.5
2022-12-02 00:00:00,3.1599998,16.109999,307.5
2022-12-02 03:00:00,3.1399999,15.99,307.5
2022-12-02 06:00:00,3.05,15.82,307.5
2022-12-02 09:00:00,2.98,15.599999,307.5
2022-12-02 12:00:00,2.8899999,15.219999,307.5
2022-12-02 15:00:00,2.6599998,14.57,307.5
2022-12-02 18:00:00,2.7,14.7,307.5
2022-12-02 21:00:00,2.71,14.78,307.5
2022-12-03 00:00:00,2.6599998,14.639999,307.5
2022-12-03 03:00:00,2.56,14.389999,307.5
2022-12-03 06:00:00,2.5,14.13,307.5
2022-12-03 09:00:00,2.4299998,13.549999,307.5
2022-12-03 12:00:00,2.4299998,13.07,307.5
2022-12-03 15:00:00,2.5,12.83,307.5
2022-12-03 18:00:00,2.57,12.41,307.5
2022-12-03 21:00:00,2.6799998,12.49,37.5
2022-12-04 00:00:00,2.6599998,12.179999,37.5
2022-12-04 03:00:00,2.69,12.17,37.5
2022-12-04 06:00:00,2.6699998,12.17,37.5
2022-12-04 09:00:00,2.56,12.059999,37.5
2022-12-04 12:00:00,2.47,12.059999,37.5
2022-12-04 15:00:00,2.36,11.92,37.5
2022-12-04 18:00:00,2.26,11.74,37.5
2022-12-04 21:00:00,2.1599998,11.509999,37.5
2022-12-05 00:00:00,2.06,11.25,37.5
2022-12-05 03:00:00,1.9699999,11.04,307.5
2022-12-05 06:00:00,1.91,10.889999,307.5
2022-12-05 09:00:00,1.86,10.78,307.5
2022-12-05 12:00:00,1.8299999,10.61,307.5
2022-12-05 15:00:00,1.8199999,10.5,307.5
2022-12-05 18:00:00,1.8,10.469999,307.5
2022-12-05 21:00:00,1.74,10.309999,307.5
2022-12-06 00:00:00,1.86,11.0199995,307.5
2022-12-06 03:00:00,2.49,12.79,322.5
2022-12-06 06:00:00,3.54,13.23,307.5
2022-12-06 09:00:00,3.79,13.049999,322.5
2022-12-06 12:00:00,4.08,13.42,322.5
2022-12-06 15:00:00,4.5499997,14.309999,322.5
2022-12-06 18:00:00,4.73,14.92,322.5
2022-12-06 21:00:00,4.65,15.07,337.5
2022-12-07 00:00:00,4.2999997,14.67,337.5
2022-12-07 03:00:00,4.0099998,14.349999,337.5
2022-12-07 06:00:00,3.98,14.429999,337.5
2022-12-07 09:00:00,3.6599998,14.13,337.5
2022-12-07 12:00:00,3.4199998,13.67,337.5
2022-12-07 15:00:00,3.1799998,13.259999,337.5
2022-12-07 18:00:00,3.05,13.0,337.5
2022-12-07 21:00:00,3.02,12.809999,337.5
2022-12-08 00:00:00,2.85,12.349999,337.5
2022-12-08 03:00:00,2.8999999,12.179999,37.5
2022-12-08 06:00:00,2.8999999,7.8799996,37.5
2022-12-08 09:00:00,2.97,8.0,37.5
2022-12-08 12:00:00,3.21,8.48,97.5
2022-12-08 15:00:00,3.1,8.599999,97.5
2022-12-08 18:00:00,3.11,8.7,97.5
2022-12-08 21:00:00,3.1799998,8.8,97.5
2022-12-09 00:00:00,3.09,8.849999,97.5
2022-12-09 03:00:00,2.96,8.88,97.5
2022-12-09 06:00:00,2.9399998,8.849999,97.5
2022-12-09 09:00:00,3.07,8.79,97.5
2022-12-09 12:00:00,3.04,8.67,97.5
2022-12-09 15:00:00,2.98,8.639999,97.5
2022-12-09 18:00:00,3.04,8.76,97.5
2022-12-09 21:00:00,3.08,8.889999,97.5
2022-12-10 00:00:00,2.9199998,8.92,97.5
2022-12-10 03:00:00,2.79,8.97,112.5
2022-12-10 06:00:00,2.71,9.03,112.5
2022-12-10 09:00:00,2.6499999,9.05,112.5
2022-12-10 12:00:00,2.62,9.09,112.5
2022-12-10 15:00:00,2.61,9.15,112.5
2022-12-10 18:00:00,2.61,9.24,112.5
2022-12-10 21:00:00,2.58,9.3,112.5
2022-12-11 00:00:00,2.6,9.36,97.5
2022-12-11 03:00:00,2.6,9.36,97.5
2022-12-11 06:00:00,2.53,9.45,97.5
2022-12-11 09:00:00,2.52,9.59,112.5
2022-12-11 12:00:00,2.55,9.75,112.5
2022-12-11 15:00:00,2.52,9.71,112.5
2022-12-11 18:00:00,2.54,9.59,112.5
2022-12-11 21:00:00,2.58,9.559999,112.5
2022-12-12 00:00:00,2.59,9.53,112.5
2022-12-12 03:00:00,2.6,9.48,112.5
2022-12-12 06:00:00,2.58,9.13,112.5
2022-12-12 09:00:00,2.62,9.23,112.5
2022-12-12 12:00:00,2.6599998,9.19,97.5
2022-12-12 15:00:00,2.69,9.08,97.5
2022-12-12 18:00:00,2.69,16.65,307.5
2022-12-12 21:00:00,2.7,16.13,307.5
2022-12-13 00:00:00,2.71,15.639999,307.5
2022-12-13 03:00:00,2.84,14.88,307.5
2022-12-13 06:00:00,2.9199998,14.61,307.5
2022-12-13 09:00:00,3.09,8.28,97.5
2022-12-13 12:00:00,2.97,8.429999,112.5
2022-12-13 15:00:00,2.79,8.61,112.5
2022-12-13 18:00:00,2.73,8.61,112.5
2022-12-13 21:00:00,2.69,8.78,112.5
2022-12-14 00:00:00,2.6,9.03,112.5
2022-12-14 03:00:00,2.47,9.13,112.5
2022-12-14 06:00:00,2.3799999,9.21,112.5
2022-12-14 09:00:00,2.28,9.24,112.5
2022-12-14 12:00:00,2.21,9.2699995,112.5
2022-12-14 15:00:00,2.1599998,9.2699995,112.5
2022-12-14 18:00:00,2.11,9.25,112.5
2022-12-14 21:00:00,2.07,9.25,112.5
2022-12-15 00:00:00,2.05,9.3,112.5
2022-12-15 03:00:00,2.03,9.34,112.5
2022-12-15 06:00:00,1.99,9.38,112.5
2022-12-15 09:00:00,1.9399999,9.41,112.5
2022-12-15 12:00:00,1.9,9.49,112.5
2022-12-15 15:00:00,1.8399999,9.63,112.5
2022-12-15 18:00:00,1.79,9.74,112.5
2022-12-15 21:00:00,1.8499999,10.04,307.5
2022-12-16 00:00:00,2.03,16.05,307.5
2022-12-16 03:00:00,2.6399999,17.41,322.5
2022-12-16 06:00:00,3.4199998,17.66,322.5
2022-12-16 09:00:00,3.98,17.039999,322.5
2022-12-16 12:00:00,4.33,16.4,337.5
2022-12-16 15:00:00,4.35,15.799999,337.5
2022-12-16 18:00:00,4.5099998,15.4,337.5
2022-12-16 21:00:00,4.45,15.5,337.5
2022-12-17 00:00:00,4.38,15.63,337.5
2022-12-17 03:00:00,4.23,15.5,337.5
2022-12-17 06:00:00,3.97,15.009999,337.5
2022-12-17 09:00:00,4.0499997,15.339999,337.5
2022-12-17 12:00:00,3.72,14.589999,337.5
2022-12-17 15:00:00,3.47,14.19,337.5
2022-12-17 18:00:00,3.3899999,14.04,337.5
2022-12-17 21:00:00,3.4299998,14.2,337.5
2022-12-18 00:00:00,3.28,14.11,337.5
2022-12-18 03:00:00,3.09,13.88,337.5
2022-12-18 06:00:00,2.87,13.4,337.5
2022-12-18 09:00:00,2.6799998,13.07,337.5
2022-12-18 12:00:00,2.46,12.719999,337.5
2022-12-18 15:00:00,2.27,12.2,337.5
2022-12-18 18:00:00,2.1599998,11.87,337.5
2022-12-18 21:00:00,2.32,11.719999,337.5
2022-12-19 00:00:00,2.3799999,10.86,337.5
2022-12-19 03:00:00,3.1499999,7.24,307.5
2022-12-19 06:00:00,4.04,9.33,322.5
2022-12-19 09:00:00,4.7799997,11.05,322.5
2022-12-19 12:00:00,5.3599997,12.79,322.5
2022-12-19 15:00:00,5.5699997,13.719999,307.5
2022-12-19 18:00:00,5.72,14.559999,307.5
2022-12-19 21:00:00,5.65,14.92,307.5
2022-12-20 00:00:00,5.69,14.9,307.5
2022-12-20 03:00:00,6.08,15.03,322.5
2022-12-20 06:00:00,6.95,15.46,322.5
2022-12-20 09:00:00,7.17,15.29,322.5
2022-12-20 12:00:00,6.8399997,15.009999,322.5
2022-12-20 15:00:00,6.3999996,14.799999,322.5
2022-12-20 18:00:00,5.93,14.62,322.5
2022-12-20 21:00:00,5.49,14.4,322.5
2022-12-21 00:00:00,5.2999997,14.11,322.5
2022-12-21 03:00:00,5.0699997,13.53,322.5
2022-12-21 06:00:00,4.7799997,13.24,322.5
2022-12-21 09:00:00,4.67,13.15,322.5
2022-12-21 12:00:00,4.19,12.559999,322.5
2022-12-21 15:00:00,3.76,12.13,322.5
2022-12-21 18:00:00,3.4399998,11.969999,322.5
2022-12-21 21:00:00,3.26,11.94,322.5
2022-12-22 00:00:00,3.09,11.849999,322.5
2022-12-22 03:00:00,3.0,11.62,322.5
2022-12-22 06:00:00,2.8999999,11.45,307.5
2022-12-22 09:00:00,2.8999999,11.16,307.5
2022-12-22 12:00:00,2.84,18.46,307.5
2022-12-22 15:00:00,2.82,17.67,307.5
2022-12-22 18:00:00,2.9099998,17.5,322.5
2022-12-22 21:00:00,2.9399998,17.289999,307.5
2022-12-23 00:00:00,3.01,17.1,307.5
2022-12-23 03:00:00,3.08,16.449999,307.5
2022-12-23 06:00:00,3.03,15.65,307.5
2022-12-23 09:00:00,2.9399998,14.599999,307.5
2022-12-23 12:00:00,3.12,13.75,307.5
2022-12-23 15:00:00,3.4299998,12.63,307.5
2022-12-23 18:00:00,3.6799998,12.639999,307.5
2022-12-23 21:00:00,3.84,13.2,307.5
2022-12-24 00:00:00,3.86,13.78,307.5
2022-12-24 03:00:00,3.83,14.059999,307.5
2022-12-24 06:00:00,3.73,14.03,307.5
2022-12-24 09:00:00,3.7099998,13.849999,307.5
2022-12-24 12:00:00,3.7099998,13.46,307.5
2022-12-24 15:00:00,3.73,13.13,307.5
2022-12-24 18:00:00,3.6599998,12.84,307.5
2022-12-24 21:00:00,3.57,12.7,307.5
2022-12-25 00:00:00,3.53,13.25,307.5
2022-12-25 03:00:00,3.61,14.009999,307.5
2022-12-25 06:00:00,3.75,14.299999,307.5
2022-12-25 09:00:00,3.98,14.23,307.5
2022-12-25 12:00:00,4.0499997,14.19,307.5
2022-12-25 15:00:00,3.9199998,14.009999,307.5
2022-12-25 18:00:00,3.8,13.889999,307.5
2022-12-25 21:00:00,3.57,13.75,307.5
2022-12-26 00:00:00,3.23,13.389999,307.5
2022-12-26 03:00:00,2.96,13.309999,307.5
2022-12-26 06:00:00,2.77,13.219999,307.5
2022-12-26 09:00:00,2.6,12.95,307.5
2022-12-26 12:00:00,2.46,12.45,307.5
2022-12-26 15:00:00,2.3999999,12.17,307.5
2022-12-26 18:00:00,2.29,11.84,307.5
2022-12-26 21:00:00,2.3,11.69,307.5
2022-12-27 00:00:00,2.26,11.57,307.5
2022-12-27 03:00:00,2.2,11.429999,307.5
2022-12-27 06:00:00,2.1399999,11.34,307.5
2022-12-27 09:00:00,2.03,11.2,307.5
2022-12-27 12:00:00,1.9599999,11.059999,307.5
2022-12-27 15:00:00,1.9699999,11.05,307.5
2022-12-27 18:00:00,1.9599999,10.99,292.5
2022-12-27 21:00:00,1.9399999,10.84,292.5
2022-12-28 00:00:00,1.93,10.679999,292.5
2022-12-28 03:00:00,1.9599999,10.67,292.5
2022-12-28 06:00:00,2.02,10.92,292.5
2022-12-28 09:00:00,2.08,11.57,292.5
2022-12-28 12:00:00,2.1599998,13.009999,292.5
2022-12-28 15:00:00,2.27,13.74,292.5
2022-12-28 18:00:00,2.4299998,13.98,292.5
2022-12-28 21:00:00,2.3999999,13.53,292.5
2022-12-29 00:00:00,2.4299998,13.509999,292.5
2022-12-29 03:00:00,2.3899999,13.179999,292.5
2022-12-29 06:00:00,2.32,12.84,292.5
2022-12-29 09:00:00,2.3,12.849999,292.5
2022-12-29 12:00:00,2.29,12.87,292.5
2022-12-29 15:00:00,2.36,13.389999,292.5
2022-12-29 18:00:00,2.52,13.759999,307.5
2022-12-29 21:00:00,2.81,14.24,307.5
2022-12-30 00:00:00,3.05,14.389999,307.5
2022-12-30 03:00:00,3.1899998,14.4,292.5
2022-12-30 06:00:00,3.25,14.33,292.5
2022-12-30 09:00:00,3.37,14.599999,292.5
2022-12-30 12:00:00,3.23,14.34,292.5
2022-12-30 15:00:00,3.1,14.259999,292.5
2022-12-30 18:00:00,3.01,14.13,292.5
2022-12-30 21:00:00,2.96,13.929999,292.5
2022-12-31 00:00:00,2.8999999,13.73,292.5
2022-12-31 03:00:00,2.76,13.429999,292.5
2022-12-31 06:00:00,2.72,13.389999,292.5
2022-12-31 09:00:00,2.58,13.19,292.5
2022-12-31 12:00:00,2.46,13.059999,307.5
2022-12-31 15:00:00,2.3999999,13.049999,307.5
2022-12-31 18:00:00,2.36,13.03,307.5
2022-12-31 21:00:00,2.29,12.95,307.5
2023-01-01 00:00:00,2.2,12.84,307.5
